OTU,kingdom,phylum,class,order,family,genus,species
OTU_0,Bacteria,Acidobacteria,Acidobacteriia,Acidobacteriales,Acidobacteriaceae,Granulicella,Granulicella_unclassified
OTU_1,Bacteria,Actinobacteria,Actinobacteria,Actinomycetales,Actinomycetaceae,Actinobaculum,Actinobaculum_massiliense
OTU_2,Bacteria,Actinobacteria,Actinobacteria,Actinomycetales,Actinomycetaceae,Actinobaculum,Actinobaculum_schaalii
OTU_3,Bacteria,Actinobacteria,Actinobacteria,Actinomycetales,Actinomycetaceae,Actinobaculum,Actinobaculum_unclassified
OTU_4,Bacteria,Actinobacteria,Actinobacteria,Actinomycetales,Actinomycetaceae,Actinomyces,Actinomyces_cardiffensis
OTU_5,Bacteria,Actinobacteria,Actinobacteria,Actinomycetales,Actinomycetaceae,Actinomyces,Actinomyces_europaeus
OTU_6,Bacteria,Actinobacteria,Actinobacteria,Actinomycetales,Actinomycetaceae,Actinomyces,Actinomyces_graevenitzii
OTU_7,Bacteria,Actinobacteria,Actinobacteria,Actinomycetales,Actinomycetaceae,Actinomyces,Actinomyces_johnsonii
OTU_8,Bacteria,Actinobacteria,Actinobacteria,Actinomycetales,Actinomycetaceae,Actinomyces,Actinomyces_massiliensis
OTU_9,Bacteria,Actinobacteria,Actinobacteria,Actinomycetales,Actinomycetaceae,Actinomyces,Actinomyces_naeslundii
OTU_10,Bacteria,Actinobacteria,Actinobacteria,Actinomycetales,Actinomycetaceae,Actinomyces,Actinomyces_odontolyticus
OTU_11,Bacteria,Actinobacteria,Actinobacteria,Actinomycetales,Actinomycetaceae,Actinomyces,Actinomyces_oris
OTU_12,Bacteria,Actinobacteria,Actinobacteria,Actinomycetales,Actinomycetaceae,Actinomyces,Actinomyces_sp_HPA0247
OTU_13,Bacteria,Actinobacteria,Actinobacteria,Actinomycetales,Actinomycetaceae,Actinomyces,Actinomyces_sp_ICM39
OTU_14,Bacteria,Actinobacteria,Actinobacteria,Actinomycetales,Actinomycetaceae,Actinomyces,Actinomyces_sp_ICM47
OTU_15,Bacteria,Actinobacteria,Actinobacteria,Actinomycetales,Actinomycetaceae,Actinomyces,Actinomyces_timonensis
OTU_16,Bacteria,Actinobacteria,Actinobacteria,Actinomycetales,Actinomycetaceae,Actinomyces,Actinomyces_turicensis
OTU_17,Bacteria,Actinobacteria,Actinobacteria,Actinomycetales,Actinomycetaceae,Actinomyces,Actinomyces_urogenitalis
OTU_18,Bacteria,Actinobacteria,Actinobacteria,Actinomycetales,Actinomycetaceae,Actinomyces,Actinomyces_viscosus
OTU_19,Bacteria,Actinobacteria,Actinobacteria,Actinomycetales,Actinomycetaceae,Mobiluncus,Mobiluncus_curtisii
OTU_20,Bacteria,Actinobacteria,Actinobacteria,Actinomycetales,Actinomycetaceae,Mobiluncus,Mobiluncus_unclassified
OTU_21,Bacteria,Actinobacteria,Actinobacteria,Actinomycetales,Actinomycetaceae,Varibaculum,Varibaculum_cambriense
OTU_22,Bacteria,Actinobacteria,Actinobacteria,Actinomycetales,Actinomycetales_noname,Tropheryma,Tropheryma_whipplei
OTU_23,Bacteria,Actinobacteria,Actinobacteria,Actinomycetales,Brevibacteriaceae,Brevibacterium,Brevibacterium_linens
OTU_24,Bacteria,Actinobacteria,Actinobacteria,Actinomycetales,Brevibacteriaceae,Brevibacterium,Brevibacterium_massiliense
OTU_25,Bacteria,Actinobacteria,Actinobacteria,Actinomycetales,Brevibacteriaceae,Brevibacterium,Brevibacterium_unclassified
OTU_26,Bacteria,Actinobacteria,Actinobacteria,Actinomycetales,Corynebacteriaceae,Corynebacterium,Corynebacterium_amycolatum
OTU_27,Bacteria,Actinobacteria,Actinobacteria,Actinomycetales,Corynebacteriaceae,Corynebacterium,Corynebacterium_aurimucosum
OTU_28,Bacteria,Actinobacteria,Actinobacteria,Actinomycetales,Corynebacteriaceae,Corynebacterium,Corynebacterium_casei
OTU_29,Bacteria,Actinobacteria,Actinobacteria,Actinomycetales,Corynebacteriaceae,Corynebacterium,Corynebacterium_crenatum
OTU_30,Bacteria,Actinobacteria,Actinobacteria,Actinomycetales,Corynebacteriaceae,Corynebacterium,Corynebacterium_durum
OTU_31,Bacteria,Actinobacteria,Actinobacteria,Actinomycetales,Corynebacteriaceae,Corynebacterium,Corynebacterium_jeikeium
OTU_32,Bacteria,Actinobacteria,Actinobacteria,Actinomycetales,Corynebacteriaceae,Corynebacterium,Corynebacterium_kroppenstedtii
OTU_33,Bacteria,Actinobacteria,Actinobacteria,Actinomycetales,Corynebacteriaceae,Corynebacterium,Corynebacterium_matruchotii
OTU_34,Bacteria,Actinobacteria,Actinobacteria,Actinomycetales,Corynebacteriaceae,Corynebacterium,Corynebacterium_propinquum
OTU_35,Bacteria,Actinobacteria,Actinobacteria,Actinomycetales,Corynebacteriaceae,Corynebacterium,Corynebacterium_pseudodiphtheriticum
OTU_36,Bacteria,Actinobacteria,Actinobacteria,Actinomycetales,Corynebacteriaceae,Corynebacterium,Corynebacterium_pyruviciproducens
OTU_37,Bacteria,Actinobacteria,Actinobacteria,Actinomycetales,Corynebacteriaceae,Corynebacterium,Corynebacterium_striatum
OTU_38,Bacteria,Actinobacteria,Actinobacteria,Actinomycetales,Corynebacteriaceae,Corynebacterium,Corynebacterium_variabile
OTU_39,Bacteria,Actinobacteria,Actinobacteria,Actinomycetales,Dermatophilaceae,Dermatophilaceae_unclassified,Unknown
OTU_40,Bacteria,Actinobacteria,Actinobacteria,Actinomycetales,Microbacteriaceae,Leifsonia,Leifsonia_unclassified
OTU_41,Bacteria,Actinobacteria,Actinobacteria,Actinomycetales,Microbacteriaceae,Leucobacter,Leucobacter_unclassified
OTU_42,Bacteria,Actinobacteria,Actinobacteria,Actinomycetales,Micrococcaceae,Rothia,Rothia_aeria
OTU_43,Bacteria,Actinobacteria,Actinobacteria,Actinomycetales,Micrococcaceae,Rothia,Rothia_dentocariosa
OTU_44,Bacteria,Actinobacteria,Actinobacteria,Actinomycetales,Micrococcaceae,Rothia,Rothia_mucilaginosa
OTU_45,Bacteria,Actinobacteria,Actinobacteria,Actinomycetales,Micrococcaceae,Rothia,Rothia_unclassified
OTU_46,Bacteria,Actinobacteria,Actinobacteria,Actinomycetales,Nocardiaceae,Rhodococcus,Rhodococcus_erythropolis
OTU_47,Bacteria,Actinobacteria,Actinobacteria,Actinomycetales,Nocardiaceae,Rhodococcus,Rhodococcus_qingshengii
OTU_48,Bacteria,Actinobacteria,Actinobacteria,Actinomycetales,Propionibacteriaceae,Propionibacteriaceae_unclassified,Unknown
OTU_49,Bacteria,Actinobacteria,Actinobacteria,Actinomycetales,Propionibacteriaceae,Propionibacterium,Propionibacterium_acnes
OTU_50,Bacteria,Actinobacteria,Actinobacteria,Actinomycetales,Propionibacteriaceae,Propionibacterium,Propionibacterium_freudenreichii
OTU_51,Bacteria,Actinobacteria,Actinobacteria,Actinomycetales,Propionibacteriaceae,Propionibacterium,Propionibacterium_propionicum
OTU_52,Bacteria,Actinobacteria,Actinobacteria,Bifidobacteriales,Bifidobacteriaceae,Alloscardovia,Alloscardovia_omnicolens
OTU_53,Bacteria,Actinobacteria,Actinobacteria,Bifidobacteriales,Bifidobacteriaceae,Bifidobacterium,Bifidobacterium_adolescentis
OTU_54,Bacteria,Actinobacteria,Actinobacteria,Bifidobacteriales,Bifidobacteriaceae,Bifidobacterium,Bifidobacterium_angulatum
OTU_55,Bacteria,Actinobacteria,Actinobacteria,Bifidobacteriales,Bifidobacteriaceae,Bifidobacterium,Bifidobacterium_animalis
OTU_56,Bacteria,Actinobacteria,Actinobacteria,Bifidobacteriales,Bifidobacteriaceae,Bifidobacterium,Bifidobacterium_bifidum
OTU_57,Bacteria,Actinobacteria,Actinobacteria,Bifidobacteriales,Bifidobacteriaceae,Bifidobacterium,Bifidobacterium_breve
OTU_58,Bacteria,Actinobacteria,Actinobacteria,Bifidobacteriales,Bifidobacteriaceae,Bifidobacterium,Bifidobacterium_catenulatum
OTU_59,Bacteria,Actinobacteria,Actinobacteria,Bifidobacteriales,Bifidobacteriaceae,Bifidobacterium,Bifidobacterium_dentium
OTU_60,Bacteria,Actinobacteria,Actinobacteria,Bifidobacteriales,Bifidobacteriaceae,Bifidobacterium,Bifidobacterium_longum
OTU_61,Bacteria,Actinobacteria,Actinobacteria,Bifidobacteriales,Bifidobacteriaceae,Bifidobacterium,Bifidobacterium_pseudocatenulatum
OTU_62,Bacteria,Actinobacteria,Actinobacteria,Bifidobacteriales,Bifidobacteriaceae,Bifidobacterium,Bifidobacterium_pseudolongum
OTU_63,Bacteria,Actinobacteria,Actinobacteria,Bifidobacteriales,Bifidobacteriaceae,Bifidobacterium,Bifidobacterium_thermophilum
OTU_64,Bacteria,Actinobacteria,Actinobacteria,Bifidobacteriales,Bifidobacteriaceae,Gardnerella,Gardnerella_vaginalis
OTU_65,Bacteria,Actinobacteria,Actinobacteria,Bifidobacteriales,Bifidobacteriaceae,Parascardovia,Parascardovia_denticolens
OTU_66,Bacteria,Actinobacteria,Actinobacteria,Bifidobacteriales,Bifidobacteriaceae,Scardovia,Scardovia_inopinata
OTU_67,Bacteria,Actinobacteria,Actinobacteria,Bifidobacteriales,Bifidobacteriaceae,Scardovia,Scardovia_unclassified
OTU_68,Bacteria,Actinobacteria,Actinobacteria,Bifidobacteriales,Bifidobacteriaceae,Scardovia,Scardovia_wiggsiae
OTU_69,Bacteria,Actinobacteria,Actinobacteria,Coriobacteriales,Coriobacteriaceae,Adlercreutzia,Adlercreutzia_equolifaciens
OTU_70,Bacteria,Actinobacteria,Actinobacteria,Coriobacteriales,Coriobacteriaceae,Atopobium,Atopobium_minutum
OTU_71,Bacteria,Actinobacteria,Actinobacteria,Coriobacteriales,Coriobacteriaceae,Atopobium,Atopobium_parvulum
OTU_72,Bacteria,Actinobacteria,Actinobacteria,Coriobacteriales,Coriobacteriaceae,Atopobium,Atopobium_rimae
OTU_73,Bacteria,Actinobacteria,Actinobacteria,Coriobacteriales,Coriobacteriaceae,Atopobium,Atopobium_vaginae
OTU_74,Bacteria,Actinobacteria,Actinobacteria,Coriobacteriales,Coriobacteriaceae,Collinsella,Collinsella_aerofaciens
OTU_75,Bacteria,Actinobacteria,Actinobacteria,Coriobacteriales,Coriobacteriaceae,Collinsella,Collinsella_intestinalis
OTU_76,Bacteria,Actinobacteria,Actinobacteria,Coriobacteriales,Coriobacteriaceae,Collinsella,Collinsella_stercoris
OTU_77,Bacteria,Actinobacteria,Actinobacteria,Coriobacteriales,Coriobacteriaceae,Collinsella,Collinsella_tanakaei
OTU_78,Bacteria,Actinobacteria,Actinobacteria,Coriobacteriales,Coriobacteriaceae,Collinsella,Collinsella_unclassified
OTU_79,Bacteria,Actinobacteria,Actinobacteria,Coriobacteriales,Coriobacteriaceae,Coriobacteriaceae_noname,Coriobacteriaceae_bacterium_BV3Ac1
OTU_80,Bacteria,Actinobacteria,Actinobacteria,Coriobacteriales,Coriobacteriaceae,Coriobacteriaceae_noname,Coriobacteriaceae_bacterium_phI
OTU_81,Bacteria,Actinobacteria,Actinobacteria,Coriobacteriales,Coriobacteriaceae,Cryptobacterium,Cryptobacterium_curtum
OTU_82,Bacteria,Actinobacteria,Actinobacteria,Coriobacteriales,Coriobacteriaceae,Eggerthella,Eggerthella_lenta
OTU_83,Bacteria,Actinobacteria,Actinobacteria,Coriobacteriales,Coriobacteriaceae,Eggerthella,Eggerthella_sp_1_3_56FAA
OTU_84,Bacteria,Actinobacteria,Actinobacteria,Coriobacteriales,Coriobacteriaceae,Eggerthella,Eggerthella_sp_HGA1
OTU_85,Bacteria,Actinobacteria,Actinobacteria,Coriobacteriales,Coriobacteriaceae,Eggerthella,Eggerthella_sp_YY7918
OTU_86,Bacteria,Actinobacteria,Actinobacteria,Coriobacteriales,Coriobacteriaceae,Eggerthella,Eggerthella_unclassified
OTU_87,Bacteria,Actinobacteria,Actinobacteria,Coriobacteriales,Coriobacteriaceae,Enterorhabdus,Enterorhabdus_caecimuris
OTU_88,Bacteria,Actinobacteria,Actinobacteria,Coriobacteriales,Coriobacteriaceae,Gordonibacter,Gordonibacter_pamelaeae
OTU_89,Bacteria,Actinobacteria,Actinobacteria,Coriobacteriales,Coriobacteriaceae,Olsenella,Olsenella_profusa
OTU_90,Bacteria,Actinobacteria,Actinobacteria,Coriobacteriales,Coriobacteriaceae,Olsenella,Olsenella_uli
OTU_91,Bacteria,Actinobacteria,Actinobacteria,Coriobacteriales,Coriobacteriaceae,Olsenella,Olsenella_unclassified
OTU_92,Bacteria,Actinobacteria,Actinobacteria,Coriobacteriales,Coriobacteriaceae,Slackia,Slackia_exigua
OTU_93,Bacteria,Actinobacteria,Actinobacteria,Coriobacteriales,Coriobacteriaceae,Slackia,Slackia_piriformis
OTU_94,Bacteria,Actinobacteria,Actinobacteria,Coriobacteriales,Coriobacteriaceae,Slackia,Slackia_unclassified
OTU_95,Bacteria,Bacteroidetes,Bacteroidetes_noname,Bacteroidetes_noname,Bacteroidetes_noname,Bacteroidetes_noname,Bacteroidetes_bacterium_oral_taxon_272
OTU_96,Bacteria,Bacteroidetes,Bacteroidetes_noname,Bacteroidetes_noname,Bacteroidetes_noname,Bacteroidetes_noname,Bacteroidetes_oral_taxon_274
OTU_97,Bacteria,Bacteroidetes,Bacteroidia,Bacteroidales,Bacteroidaceae,Bacteroides,Bacteroides_barnesiae
OTU_98,Bacteria,Bacteroidetes,Bacteroidia,Bacteroidales,Bacteroidaceae,Bacteroides,Bacteroides_caccae
OTU_99,Bacteria,Bacteroidetes,Bacteroidia,Bacteroidales,Bacteroidaceae,Bacteroides,Bacteroides_cellulosilyticus
OTU_100,Bacteria,Bacteroidetes,Bacteroidia,Bacteroidales,Bacteroidaceae,Bacteroides,Bacteroides_clarus
OTU_101,Bacteria,Bacteroidetes,Bacteroidia,Bacteroidales,Bacteroidaceae,Bacteroides,Bacteroides_coprocola
OTU_102,Bacteria,Bacteroidetes,Bacteroidia,Bacteroidales,Bacteroidaceae,Bacteroides,Bacteroides_coprophilus
OTU_103,Bacteria,Bacteroidetes,Bacteroidia,Bacteroidales,Bacteroidaceae,Bacteroides,Bacteroides_dorei
OTU_104,Bacteria,Bacteroidetes,Bacteroidia,Bacteroidales,Bacteroidaceae,Bacteroides,Bacteroides_eggerthii
OTU_105,Bacteria,Bacteroidetes,Bacteroidia,Bacteroidales,Bacteroidaceae,Bacteroides,Bacteroides_faecis
OTU_106,Bacteria,Bacteroidetes,Bacteroidia,Bacteroidales,Bacteroidaceae,Bacteroides,Bacteroides_finegoldii
OTU_107,Bacteria,Bacteroidetes,Bacteroidia,Bacteroidales,Bacteroidaceae,Bacteroides,Bacteroides_fluxus
OTU_108,Bacteria,Bacteroidetes,Bacteroidia,Bacteroidales,Bacteroidaceae,Bacteroides,Bacteroides_fragilis
OTU_109,Bacteria,Bacteroidetes,Bacteroidia,Bacteroidales,Bacteroidaceae,Bacteroides,Bacteroides_intestinalis
OTU_110,Bacteria,Bacteroidetes,Bacteroidia,Bacteroidales,Bacteroidaceae,Bacteroides,Bacteroides_massiliensis
OTU_111,Bacteria,Bacteroidetes,Bacteroidia,Bacteroidales,Bacteroidaceae,Bacteroides,Bacteroides_nordii
OTU_112,Bacteria,Bacteroidetes,Bacteroidia,Bacteroidales,Bacteroidaceae,Bacteroides,Bacteroides_oleiciplenus
OTU_113,Bacteria,Bacteroidetes,Bacteroidia,Bacteroidales,Bacteroidaceae,Bacteroides,Bacteroides_ovatus
OTU_114,Bacteria,Bacteroidetes,Bacteroidia,Bacteroidales,Bacteroidaceae,Bacteroides,Bacteroides_plebeius
OTU_115,Bacteria,Bacteroidetes,Bacteroidia,Bacteroidales,Bacteroidaceae,Bacteroides,Bacteroides_pyogenes
OTU_116,Bacteria,Bacteroidetes,Bacteroidia,Bacteroidales,Bacteroidaceae,Bacteroides,Bacteroides_salanitronis
OTU_117,Bacteria,Bacteroidetes,Bacteroidia,Bacteroidales,Bacteroidaceae,Bacteroides,Bacteroides_salyersiae
OTU_118,Bacteria,Bacteroidetes,Bacteroidia,Bacteroidales,Bacteroidaceae,Bacteroides,Bacteroides_sp_1_1_14
OTU_119,Bacteria,Bacteroidetes,Bacteroidia,Bacteroidales,Bacteroidaceae,Bacteroides,Bacteroides_sp_1_1_30
OTU_120,Bacteria,Bacteroidetes,Bacteroidia,Bacteroidales,Bacteroidaceae,Bacteroides,Bacteroides_sp_1_1_6
OTU_121,Bacteria,Bacteroidetes,Bacteroidia,Bacteroidales,Bacteroidaceae,Bacteroides,Bacteroides_sp_2_1_16
OTU_122,Bacteria,Bacteroidetes,Bacteroidia,Bacteroidales,Bacteroidaceae,Bacteroides,Bacteroides_sp_2_1_22
OTU_123,Bacteria,Bacteroidetes,Bacteroidia,Bacteroidales,Bacteroidaceae,Bacteroides,Bacteroides_sp_2_1_56FAA
OTU_124,Bacteria,Bacteroidetes,Bacteroidia,Bacteroidales,Bacteroidaceae,Bacteroides,Bacteroides_sp_2_2_4
OTU_125,Bacteria,Bacteroidetes,Bacteroidia,Bacteroidales,Bacteroidaceae,Bacteroides,Bacteroides_sp_3_1_19
OTU_126,Bacteria,Bacteroidetes,Bacteroidia,Bacteroidales,Bacteroidaceae,Bacteroides,Bacteroides_sp_3_1_40A
OTU_127,Bacteria,Bacteroidetes,Bacteroidia,Bacteroidales,Bacteroidaceae,Bacteroides,Bacteroides_sp_3_2_5
OTU_128,Bacteria,Bacteroidetes,Bacteroidia,Bacteroidales,Bacteroidaceae,Bacteroides,Bacteroides_sp_4_3_47FAA
OTU_129,Bacteria,Bacteroidetes,Bacteroidia,Bacteroidales,Bacteroidaceae,Bacteroides,Bacteroides_sp_9_1_42FAA
OTU_130,Bacteria,Bacteroidetes,Bacteroidia,Bacteroidales,Bacteroidaceae,Bacteroides,Bacteroides_sp_D2
OTU_131,Bacteria,Bacteroidetes,Bacteroidia,Bacteroidales,Bacteroidaceae,Bacteroides,Bacteroides_stercoris
OTU_132,Bacteria,Bacteroidetes,Bacteroidia,Bacteroidales,Bacteroidaceae,Bacteroides,Bacteroides_thetaiotaomicron
OTU_133,Bacteria,Bacteroidetes,Bacteroidia,Bacteroidales,Bacteroidaceae,Bacteroides,Bacteroides_uniformis
OTU_134,Bacteria,Bacteroidetes,Bacteroidia,Bacteroidales,Bacteroidaceae,Bacteroides,Bacteroides_vulgatus
OTU_135,Bacteria,Bacteroidetes,Bacteroidia,Bacteroidales,Bacteroidaceae,Bacteroides,Bacteroides_xylanisolvens
OTU_136,Bacteria,Bacteroidetes,Bacteroidia,Bacteroidales,Bacteroidales_noname,Bacteroidales_noname,Bacteroidales_bacterium_ph8
OTU_137,Bacteria,Bacteroidetes,Bacteroidia,Bacteroidales,Porphyromonadaceae,Barnesiella,Barnesiella_intestinihominis
OTU_138,Bacteria,Bacteroidetes,Bacteroidia,Bacteroidales,Porphyromonadaceae,Butyricimonas,Butyricimonas_synergistica
OTU_139,Bacteria,Bacteroidetes,Bacteroidia,Bacteroidales,Porphyromonadaceae,Coprobacter,Coprobacter_fastidiosus
OTU_140,Bacteria,Bacteroidetes,Bacteroidia,Bacteroidales,Porphyromonadaceae,Dysgonomonas,Dysgonomonas_gadei
OTU_141,Bacteria,Bacteroidetes,Bacteroidia,Bacteroidales,Porphyromonadaceae,Dysgonomonas,Dysgonomonas_mossii
OTU_142,Bacteria,Bacteroidetes,Bacteroidia,Bacteroidales,Porphyromonadaceae,Dysgonomonas,Dysgonomonas_unclassified
OTU_143,Bacteria,Bacteroidetes,Bacteroidia,Bacteroidales,Porphyromonadaceae,Odoribacter,Odoribacter_laneus
OTU_144,Bacteria,Bacteroidetes,Bacteroidia,Bacteroidales,Porphyromonadaceae,Odoribacter,Odoribacter_splanchnicus
OTU_145,Bacteria,Bacteroidetes,Bacteroidia,Bacteroidales,Porphyromonadaceae,Odoribacter,Odoribacter_unclassified
OTU_146,Bacteria,Bacteroidetes,Bacteroidia,Bacteroidales,Porphyromonadaceae,Parabacteroides,Parabacteroides_distasonis
OTU_147,Bacteria,Bacteroidetes,Bacteroidia,Bacteroidales,Porphyromonadaceae,Parabacteroides,Parabacteroides_goldsteinii
OTU_148,Bacteria,Bacteroidetes,Bacteroidia,Bacteroidales,Porphyromonadaceae,Parabacteroides,Parabacteroides_johnsonii
OTU_149,Bacteria,Bacteroidetes,Bacteroidia,Bacteroidales,Porphyromonadaceae,Parabacteroides,Parabacteroides_merdae
OTU_150,Bacteria,Bacteroidetes,Bacteroidia,Bacteroidales,Porphyromonadaceae,Parabacteroides,Parabacteroides_sp_20_3
OTU_151,Bacteria,Bacteroidetes,Bacteroidia,Bacteroidales,Porphyromonadaceae,Parabacteroides,Parabacteroides_sp_D13
OTU_152,Bacteria,Bacteroidetes,Bacteroidia,Bacteroidales,Porphyromonadaceae,Parabacteroides,Parabacteroides_unclassified
OTU_153,Bacteria,Bacteroidetes,Bacteroidia,Bacteroidales,Porphyromonadaceae,Porphyromonas,Porphyromonas_asaccharolytica
OTU_154,Bacteria,Bacteroidetes,Bacteroidia,Bacteroidales,Porphyromonadaceae,Porphyromonas,Porphyromonas_bennonis
OTU_155,Bacteria,Bacteroidetes,Bacteroidia,Bacteroidales,Porphyromonadaceae,Porphyromonas,Porphyromonas_endodontalis
OTU_156,Bacteria,Bacteroidetes,Bacteroidia,Bacteroidales,Porphyromonadaceae,Porphyromonas,Porphyromonas_gingivalis
OTU_157,Bacteria,Bacteroidetes,Bacteroidia,Bacteroidales,Porphyromonadaceae,Porphyromonas,Porphyromonas_somerae
OTU_158,Bacteria,Bacteroidetes,Bacteroidia,Bacteroidales,Porphyromonadaceae,Porphyromonas,Porphyromonas_uenonis
OTU_159,Bacteria,Bacteroidetes,Bacteroidia,Bacteroidales,Porphyromonadaceae,Tannerella,Tannerella_forsythia
OTU_160,Bacteria,Bacteroidetes,Bacteroidia,Bacteroidales,Prevotellaceae,Alloprevotella,Alloprevotella_rava
OTU_161,Bacteria,Bacteroidetes,Bacteroidia,Bacteroidales,Prevotellaceae,Alloprevotella,Alloprevotella_tannerae
OTU_162,Bacteria,Bacteroidetes,Bacteroidia,Bacteroidales,Prevotellaceae,Alloprevotella,Alloprevotella_unclassified
OTU_163,Bacteria,Bacteroidetes,Bacteroidia,Bacteroidales,Prevotellaceae,Alloprevotella,Prevotella_sp_oral_taxon_473
OTU_164,Bacteria,Bacteroidetes,Bacteroidia,Bacteroidales,Prevotellaceae,Paraprevotella,Paraprevotella_clara
OTU_165,Bacteria,Bacteroidetes,Bacteroidia,Bacteroidales,Prevotellaceae,Paraprevotella,Paraprevotella_unclassified
OTU_166,Bacteria,Bacteroidetes,Bacteroidia,Bacteroidales,Prevotellaceae,Paraprevotella,Paraprevotella_xylaniphila
OTU_167,Bacteria,Bacteroidetes,Bacteroidia,Bacteroidales,Prevotellaceae,Prevotella,Prevotella_amnii
OTU_168,Bacteria,Bacteroidetes,Bacteroidia,Bacteroidales,Prevotellaceae,Prevotella,Prevotella_baroniae
OTU_169,Bacteria,Bacteroidetes,Bacteroidia,Bacteroidales,Prevotellaceae,Prevotella,Prevotella_bergensis
OTU_170,Bacteria,Bacteroidetes,Bacteroidia,Bacteroidales,Prevotellaceae,Prevotella,Prevotella_bivia
OTU_171,Bacteria,Bacteroidetes,Bacteroidia,Bacteroidales,Prevotellaceae,Prevotella,Prevotella_buccae
OTU_172,Bacteria,Bacteroidetes,Bacteroidia,Bacteroidales,Prevotellaceae,Prevotella,Prevotella_buccalis
OTU_173,Bacteria,Bacteroidetes,Bacteroidia,Bacteroidales,Prevotellaceae,Prevotella,Prevotella_copri
OTU_174,Bacteria,Bacteroidetes,Bacteroidia,Bacteroidales,Prevotellaceae,Prevotella,Prevotella_dentalis
OTU_175,Bacteria,Bacteroidetes,Bacteroidia,Bacteroidales,Prevotellaceae,Prevotella,Prevotella_denticola
OTU_176,Bacteria,Bacteroidetes,Bacteroidia,Bacteroidales,Prevotellaceae,Prevotella,Prevotella_disiens
OTU_177,Bacteria,Bacteroidetes,Bacteroidia,Bacteroidales,Prevotellaceae,Prevotella,Prevotella_histicola
OTU_178,Bacteria,Bacteroidetes,Bacteroidia,Bacteroidales,Prevotellaceae,Prevotella,Prevotella_intermedia
OTU_179,Bacteria,Bacteroidetes,Bacteroidia,Bacteroidales,Prevotellaceae,Prevotella,Prevotella_melaninogenica
OTU_180,Bacteria,Bacteroidetes,Bacteroidia,Bacteroidales,Prevotellaceae,Prevotella,Prevotella_multisaccharivorax
OTU_181,Bacteria,Bacteroidetes,Bacteroidia,Bacteroidales,Prevotellaceae,Prevotella,Prevotella_nanceiensis
OTU_182,Bacteria,Bacteroidetes,Bacteroidia,Bacteroidales,Prevotellaceae,Prevotella,Prevotella_nigrescens
OTU_183,Bacteria,Bacteroidetes,Bacteroidia,Bacteroidales,Prevotellaceae,Prevotella,Prevotella_oralis
OTU_184,Bacteria,Bacteroidetes,Bacteroidia,Bacteroidales,Prevotellaceae,Prevotella,Prevotella_oris
OTU_185,Bacteria,Bacteroidetes,Bacteroidia,Bacteroidales,Prevotellaceae,Prevotella,Prevotella_oulorum
OTU_186,Bacteria,Bacteroidetes,Bacteroidia,Bacteroidales,Prevotellaceae,Prevotella,Prevotella_pallens
OTU_187,Bacteria,Bacteroidetes,Bacteroidia,Bacteroidales,Prevotellaceae,Prevotella,Prevotella_pleuritidis
OTU_188,Bacteria,Bacteroidetes,Bacteroidia,Bacteroidales,Prevotellaceae,Prevotella,Prevotella_salivae
OTU_189,Bacteria,Bacteroidetes,Bacteroidia,Bacteroidales,Prevotellaceae,Prevotella,Prevotella_sp_MSX73
OTU_190,Bacteria,Bacteroidetes,Bacteroidia,Bacteroidales,Prevotellaceae,Prevotella,Prevotella_stercorea
OTU_191,Bacteria,Bacteroidetes,Bacteroidia,Bacteroidales,Prevotellaceae,Prevotella,Prevotella_timonensis
OTU_192,Bacteria,Bacteroidetes,Bacteroidia,Bacteroidales,Prevotellaceae,Prevotella,Prevotella_veroralis
OTU_193,Bacteria,Bacteroidetes,Bacteroidia,Bacteroidales,Rikenellaceae,Alistipes,Alistipes_finegoldii
OTU_194,Bacteria,Bacteroidetes,Bacteroidia,Bacteroidales,Rikenellaceae,Alistipes,Alistipes_indistinctus
OTU_195,Bacteria,Bacteroidetes,Bacteroidia,Bacteroidales,Rikenellaceae,Alistipes,Alistipes_onderdonkii
OTU_196,Bacteria,Bacteroidetes,Bacteroidia,Bacteroidales,Rikenellaceae,Alistipes,Alistipes_putredinis
OTU_197,Bacteria,Bacteroidetes,Bacteroidia,Bacteroidales,Rikenellaceae,Alistipes,Alistipes_senegalensis
OTU_198,Bacteria,Bacteroidetes,Bacteroidia,Bacteroidales,Rikenellaceae,Alistipes,Alistipes_shahii
OTU_199,Bacteria,Bacteroidetes,Bacteroidia,Bacteroidales,Rikenellaceae,Alistipes,Alistipes_sp_AP11
OTU_200,Bacteria,Bacteroidetes,Bacteroidia,Bacteroidales,Rikenellaceae,Alistipes,Alistipes_sp_HGB5
OTU_201,Bacteria,Bacteroidetes,Bacteroidia,Bacteroidales,Rikenellaceae,Alistipes,Alistipes_unclassified
OTU_202,Bacteria,Bacteroidetes,Flavobacteriia,Flavobacteriales,Flavobacteriaceae,Capnocytophaga,Capnocytophaga_unclassified
OTU_203,Bacteria,Bacteroidetes,Flavobacteriia,Flavobacteriales,Flavobacteriaceae,Cellulophaga,Cellulophaga_unclassified
OTU_204,Bacteria,Candidatus_Saccharibacteria,Candidatus_Saccharibacteria_noname,Candidatus_Saccharibacteria_noname,Candidatus_Saccharibacteria_noname,Candidatus_Saccharibacteria_noname_unclassified,Unknown
OTU_205,Bacteria,Candidatus_Saccharibacteria,Candidatus_Saccharibacteria_noname,Candidatus_Saccharibacteria_noname,Candidatus_Saccharibacteria_noname,Candidatus_Saccharibacteria_noname,candidate_division_TM7_single_cell_isolate_TM7b
OTU_206,Bacteria,Candidatus_Saccharibacteria,Candidatus_Saccharibacteria_noname,Candidatus_Saccharibacteria_noname,Candidatus_Saccharibacteria_noname,Candidatus_Saccharibacteria_noname,candidate_division_TM7_single_cell_isolate_TM7c
OTU_207,Bacteria,Deferribacteres,Deferribacteres,Deferribacterales,Deferribacteraceae,Mucispirillum,Mucispirillum_schaedleri
OTU_208,Bacteria,Deinococcus_Thermus,Deinococci,Deinococcales,Deinococcaceae,Deinococcus,Deinococcus_unclassified
OTU_209,Bacteria,Deinococcus_Thermus,Deinococci,Thermales,Thermaceae,Meiothermus,Meiothermus_silvanus
OTU_210,Bacteria,Deinococcus_Thermus,Deinococci,Thermales,Thermaceae,Thermus,Thermus_unclassified
OTU_211,Bacteria,Firmicutes,Bacilli,Bacillales,Bacillaceae,Bacillus,Bacillus_licheniformis
OTU_212,Bacteria,Firmicutes,Bacilli,Bacillales,Bacillaceae,Bacillus,Bacillus_subtilis
OTU_213,Bacteria,Firmicutes,Bacilli,Bacillales,Bacillaceae,Lysinibacillus,Lysinibacillus_boronitolerans
OTU_214,Bacteria,Firmicutes,Bacilli,Bacillales,Bacillaceae,Lysinibacillus,Lysinibacillus_fusiformis
OTU_215,Bacteria,Firmicutes,Bacilli,Bacillales,Bacillaceae,Lysinibacillus,Lysinibacillus_unclassified
OTU_216,Bacteria,Firmicutes,Bacilli,Bacillales,Bacillales_noname,Gemella,Gemella_bergeri
OTU_217,Bacteria,Firmicutes,Bacilli,Bacillales,Bacillales_noname,Gemella,Gemella_haemolysans
OTU_218,Bacteria,Firmicutes,Bacilli,Bacillales,Bacillales_noname,Gemella,Gemella_morbillorum
OTU_219,Bacteria,Firmicutes,Bacilli,Bacillales,Bacillales_noname,Gemella,Gemella_sanguinis
OTU_220,Bacteria,Firmicutes,Bacilli,Bacillales,Bacillales_noname,Gemella,Gemella_unclassified
OTU_221,Bacteria,Firmicutes,Bacilli,Bacillales,Staphylococcaceae,Macrococcus,Macrococcus_caseolyticus
OTU_222,Bacteria,Firmicutes,Bacilli,Bacillales,Staphylococcaceae,Staphylococcus,Staphylococcus_aureus
OTU_223,Bacteria,Firmicutes,Bacilli,Bacillales,Staphylococcaceae,Staphylococcus,Staphylococcus_carnosus
OTU_224,Bacteria,Firmicutes,Bacilli,Bacillales,Staphylococcaceae,Staphylococcus,Staphylococcus_epidermidis
OTU_225,Bacteria,Firmicutes,Bacilli,Bacillales,Staphylococcaceae,Staphylococcus,Staphylococcus_equorum
OTU_226,Bacteria,Firmicutes,Bacilli,Bacillales,Staphylococcaceae,Staphylococcus,Staphylococcus_haemolyticus
OTU_227,Bacteria,Firmicutes,Bacilli,Bacillales,Staphylococcaceae,Staphylococcus,Staphylococcus_saprophyticus
OTU_228,Bacteria,Firmicutes,Bacilli,Bacillales,Staphylococcaceae,Staphylococcus,Staphylococcus_vitulinus
OTU_229,Bacteria,Firmicutes,Bacilli,Bacillales,Staphylococcaceae,Staphylococcus,Staphylococcus_warneri
OTU_230,Bacteria,Firmicutes,Bacilli,Bacillales,Staphylococcaceae,Staphylococcus,Staphylococcus_xylosus
OTU_231,Bacteria,Firmicutes,Bacilli,Lactobacillales,Aerococcaceae,Abiotrophia,Abiotrophia_defectiva
OTU_232,Bacteria,Firmicutes,Bacilli,Lactobacillales,Aerococcaceae,Eremococcus,Eremococcus_coleocola
OTU_233,Bacteria,Firmicutes,Bacilli,Lactobacillales,Aerococcaceae,Facklamia,Facklamia_hominis
OTU_234,Bacteria,Firmicutes,Bacilli,Lactobacillales,Aerococcaceae,Facklamia,Facklamia_unclassified
OTU_235,Bacteria,Firmicutes,Bacilli,Lactobacillales,Carnobacteriaceae,Carnobacterium,Carnobacterium_maltaromaticum
OTU_236,Bacteria,Firmicutes,Bacilli,Lactobacillales,Carnobacteriaceae,Dolosigranulum,Dolosigranulum_pigrum
OTU_237,Bacteria,Firmicutes,Bacilli,Lactobacillales,Carnobacteriaceae,Granulicatella,Granulicatella_adiacens
OTU_238,Bacteria,Firmicutes,Bacilli,Lactobacillales,Carnobacteriaceae,Granulicatella,Granulicatella_elegans
OTU_239,Bacteria,Firmicutes,Bacilli,Lactobacillales,Carnobacteriaceae,Granulicatella,Granulicatella_unclassified
OTU_240,Bacteria,Firmicutes,Bacilli,Lactobacillales,Enterococcaceae,Bavariicoccus,Bavariicoccus_seileri
OTU_241,Bacteria,Firmicutes,Bacilli,Lactobacillales,Enterococcaceae,Enterococcus,Enterococcus_asini
OTU_242,Bacteria,Firmicutes,Bacilli,Lactobacillales,Enterococcaceae,Enterococcus,Enterococcus_avium
OTU_243,Bacteria,Firmicutes,Bacilli,Lactobacillales,Enterococcaceae,Enterococcus,Enterococcus_casseliflavus
OTU_244,Bacteria,Firmicutes,Bacilli,Lactobacillales,Enterococcaceae,Enterococcus,Enterococcus_dispar
OTU_245,Bacteria,Firmicutes,Bacilli,Lactobacillales,Enterococcaceae,Enterococcus,Enterococcus_durans
OTU_246,Bacteria,Firmicutes,Bacilli,Lactobacillales,Enterococcaceae,Enterococcus,Enterococcus_faecalis
OTU_247,Bacteria,Firmicutes,Bacilli,Lactobacillales,Enterococcaceae,Enterococcus,Enterococcus_faecium
OTU_248,Bacteria,Firmicutes,Bacilli,Lactobacillales,Enterococcaceae,Enterococcus,Enterococcus_gallinarum
OTU_249,Bacteria,Firmicutes,Bacilli,Lactobacillales,Enterococcaceae,Enterococcus,Enterococcus_gilvus
OTU_250,Bacteria,Firmicutes,Bacilli,Lactobacillales,Enterococcaceae,Enterococcus,Enterococcus_hirae
OTU_251,Bacteria,Firmicutes,Bacilli,Lactobacillales,Enterococcaceae,Enterococcus,Enterococcus_italicus
OTU_252,Bacteria,Firmicutes,Bacilli,Lactobacillales,Enterococcaceae,Enterococcus,Enterococcus_malodoratus
OTU_253,Bacteria,Firmicutes,Bacilli,Lactobacillales,Enterococcaceae,Enterococcus,Enterococcus_mundtii
OTU_254,Bacteria,Firmicutes,Bacilli,Lactobacillales,Enterococcaceae,Enterococcus,Enterococcus_raffinosus
OTU_255,Bacteria,Firmicutes,Bacilli,Lactobacillales,Enterococcaceae,Enterococcus,Enterococcus_sp_7L76
OTU_256,Bacteria,Firmicutes,Bacilli,Lactobacillales,Enterococcaceae,Tetragenococcus,Tetragenococcus_halophilus
OTU_257,Bacteria,Firmicutes,Bacilli,Lactobacillales,Lactobacillaceae,Lactobacillus,Lactobacillus_acidophilus
OTU_258,Bacteria,Firmicutes,Bacilli,Lactobacillales,Lactobacillaceae,Lactobacillus,Lactobacillus_amylovorus
OTU_259,Bacteria,Firmicutes,Bacilli,Lactobacillales,Lactobacillaceae,Lactobacillus,Lactobacillus_animalis
OTU_260,Bacteria,Firmicutes,Bacilli,Lactobacillales,Lactobacillaceae,Lactobacillus,Lactobacillus_antri
OTU_261,Bacteria,Firmicutes,Bacilli,Lactobacillales,Lactobacillaceae,Lactobacillus,Lactobacillus_brevis
OTU_262,Bacteria,Firmicutes,Bacilli,Lactobacillales,Lactobacillaceae,Lactobacillus,Lactobacillus_buchneri
OTU_263,Bacteria,Firmicutes,Bacilli,Lactobacillales,Lactobacillaceae,Lactobacillus,Lactobacillus_casei_paracasei
OTU_264,Bacteria,Firmicutes,Bacilli,Lactobacillales,Lactobacillaceae,Lactobacillus,Lactobacillus_crispatus
OTU_265,Bacteria,Firmicutes,Bacilli,Lactobacillales,Lactobacillaceae,Lactobacillus,Lactobacillus_curvatus
OTU_266,Bacteria,Firmicutes,Bacilli,Lactobacillales,Lactobacillaceae,Lactobacillus,Lactobacillus_delbrueckii
OTU_267,Bacteria,Firmicutes,Bacilli,Lactobacillales,Lactobacillaceae,Lactobacillus,Lactobacillus_farciminis
OTU_268,Bacteria,Firmicutes,Bacilli,Lactobacillales,Lactobacillaceae,Lactobacillus,Lactobacillus_fermentum
OTU_269,Bacteria,Firmicutes,Bacilli,Lactobacillales,Lactobacillaceae,Lactobacillus,Lactobacillus_gasseri
OTU_270,Bacteria,Firmicutes,Bacilli,Lactobacillales,Lactobacillaceae,Lactobacillus,Lactobacillus_gastricus
OTU_271,Bacteria,Firmicutes,Bacilli,Lactobacillales,Lactobacillaceae,Lactobacillus,Lactobacillus_helveticus
OTU_272,Bacteria,Firmicutes,Bacilli,Lactobacillales,Lactobacillaceae,Lactobacillus,Lactobacillus_iners
OTU_273,Bacteria,Firmicutes,Bacilli,Lactobacillales,Lactobacillaceae,Lactobacillus,Lactobacillus_jensenii
OTU_274,Bacteria,Firmicutes,Bacilli,Lactobacillales,Lactobacillaceae,Lactobacillus,Lactobacillus_johnsonii
OTU_275,Bacteria,Firmicutes,Bacilli,Lactobacillales,Lactobacillaceae,Lactobacillus,Lactobacillus_kefiranofaciens
OTU_276,Bacteria,Firmicutes,Bacilli,Lactobacillales,Lactobacillaceae,Lactobacillus,Lactobacillus_mucosae
OTU_277,Bacteria,Firmicutes,Bacilli,Lactobacillales,Lactobacillaceae,Lactobacillus,Lactobacillus_murinus
OTU_278,Bacteria,Firmicutes,Bacilli,Lactobacillales,Lactobacillaceae,Lactobacillus,Lactobacillus_oris
OTU_279,Bacteria,Firmicutes,Bacilli,Lactobacillales,Lactobacillaceae,Lactobacillus,Lactobacillus_otakiensis
OTU_280,Bacteria,Firmicutes,Bacilli,Lactobacillales,Lactobacillaceae,Lactobacillus,Lactobacillus_parafarraginis
OTU_281,Bacteria,Firmicutes,Bacilli,Lactobacillales,Lactobacillaceae,Lactobacillus,Lactobacillus_pentosus
OTU_282,Bacteria,Firmicutes,Bacilli,Lactobacillales,Lactobacillaceae,Lactobacillus,Lactobacillus_plantarum
OTU_283,Bacteria,Firmicutes,Bacilli,Lactobacillales,Lactobacillaceae,Lactobacillus,Lactobacillus_reuteri
OTU_284,Bacteria,Firmicutes,Bacilli,Lactobacillales,Lactobacillaceae,Lactobacillus,Lactobacillus_rhamnosus
OTU_285,Bacteria,Firmicutes,Bacilli,Lactobacillales,Lactobacillaceae,Lactobacillus,Lactobacillus_ruminis
OTU_286,Bacteria,Firmicutes,Bacilli,Lactobacillales,Lactobacillaceae,Lactobacillus,Lactobacillus_saerimneri
OTU_287,Bacteria,Firmicutes,Bacilli,Lactobacillales,Lactobacillaceae,Lactobacillus,Lactobacillus_sakei
OTU_288,Bacteria,Firmicutes,Bacilli,Lactobacillales,Lactobacillaceae,Lactobacillus,Lactobacillus_salivarius
OTU_289,Bacteria,Firmicutes,Bacilli,Lactobacillales,Lactobacillaceae,Lactobacillus,Lactobacillus_sanfranciscensis
OTU_290,Bacteria,Firmicutes,Bacilli,Lactobacillales,Lactobacillaceae,Lactobacillus,Lactobacillus_sp_7_1_47FAA
OTU_291,Bacteria,Firmicutes,Bacilli,Lactobacillales,Lactobacillaceae,Lactobacillus,Lactobacillus_ultunensis
OTU_292,Bacteria,Firmicutes,Bacilli,Lactobacillales,Lactobacillaceae,Lactobacillus,Lactobacillus_vaginalis
OTU_293,Bacteria,Firmicutes,Bacilli,Lactobacillales,Lactobacillaceae,Lactobacillus,Lactobacillus_versmoldensis
OTU_294,Bacteria,Firmicutes,Bacilli,Lactobacillales,Lactobacillaceae,Lactobacillus,Lactobacillus_zeae
OTU_295,Bacteria,Firmicutes,Bacilli,Lactobacillales,Lactobacillaceae,Pediococcus,Pediococcus_acidilactici
OTU_296,Bacteria,Firmicutes,Bacilli,Lactobacillales,Lactobacillaceae,Pediococcus,Pediococcus_lolii
OTU_297,Bacteria,Firmicutes,Bacilli,Lactobacillales,Lactobacillaceae,Pediococcus,Pediococcus_pentosaceus
OTU_298,Bacteria,Firmicutes,Bacilli,Lactobacillales,Lactobacillaceae,Pediococcus,Pediococcus_unclassified
OTU_299,Bacteria,Firmicutes,Bacilli,Lactobacillales,Leuconostocaceae,Leuconostoc,Leuconostoc_carnosum
OTU_300,Bacteria,Firmicutes,Bacilli,Lactobacillales,Leuconostocaceae,Leuconostoc,Leuconostoc_citreum
OTU_301,Bacteria,Firmicutes,Bacilli,Lactobacillales,Leuconostocaceae,Leuconostoc,Leuconostoc_gasicomitatum
OTU_302,Bacteria,Firmicutes,Bacilli,Lactobacillales,Leuconostocaceae,Leuconostoc,Leuconostoc_gelidum
OTU_303,Bacteria,Firmicutes,Bacilli,Lactobacillales,Leuconostocaceae,Leuconostoc,Leuconostoc_lactis
OTU_304,Bacteria,Firmicutes,Bacilli,Lactobacillales,Leuconostocaceae,Leuconostoc,Leuconostoc_mesenteroides
OTU_305,Bacteria,Firmicutes,Bacilli,Lactobacillales,Leuconostocaceae,Leuconostoc,Leuconostoc_pseudomesenteroides
OTU_306,Bacteria,Firmicutes,Bacilli,Lactobacillales,Leuconostocaceae,Leuconostoc,Leuconostoc_unclassified
OTU_307,Bacteria,Firmicutes,Bacilli,Lactobacillales,Leuconostocaceae,Weissella,Weissella_cibaria
OTU_308,Bacteria,Firmicutes,Bacilli,Lactobacillales,Leuconostocaceae,Weissella,Weissella_confusa
OTU_309,Bacteria,Firmicutes,Bacilli,Lactobacillales,Leuconostocaceae,Weissella,Weissella_unclassified
OTU_310,Bacteria,Firmicutes,Bacilli,Lactobacillales,Streptococcaceae,Lactococcus,Lactococcus_garvieae
OTU_311,Bacteria,Firmicutes,Bacilli,Lactobacillales,Streptococcaceae,Lactococcus,Lactococcus_lactis
OTU_312,Bacteria,Firmicutes,Bacilli,Lactobacillales,Streptococcaceae,Lactococcus,Lactococcus_raffinolactis
OTU_313,Bacteria,Firmicutes,Bacilli,Lactobacillales,Streptococcaceae,Streptococcus,Streptococcus_agalactiae
OTU_314,Bacteria,Firmicutes,Bacilli,Lactobacillales,Streptococcaceae,Streptococcus,Streptococcus_anginosus
OTU_315,Bacteria,Firmicutes,Bacilli,Lactobacillales,Streptococcaceae,Streptococcus,Streptococcus_australis
OTU_316,Bacteria,Firmicutes,Bacilli,Lactobacillales,Streptococcaceae,Streptococcus,Streptococcus_constellatus
OTU_317,Bacteria,Firmicutes,Bacilli,Lactobacillales,Streptococcaceae,Streptococcus,Streptococcus_cristatus
OTU_318,Bacteria,Firmicutes,Bacilli,Lactobacillales,Streptococcaceae,Streptococcus,Streptococcus_downei
OTU_319,Bacteria,Firmicutes,Bacilli,Lactobacillales,Streptococcaceae,Streptococcus,Streptococcus_dysgalactiae
OTU_320,Bacteria,Firmicutes,Bacilli,Lactobacillales,Streptococcaceae,Streptococcus,Streptococcus_gallolyticus
OTU_321,Bacteria,Firmicutes,Bacilli,Lactobacillales,Streptococcaceae,Streptococcus,Streptococcus_gordonii
OTU_322,Bacteria,Firmicutes,Bacilli,Lactobacillales,Streptococcaceae,Streptococcus,Streptococcus_infantarius
OTU_323,Bacteria,Firmicutes,Bacilli,Lactobacillales,Streptococcaceae,Streptococcus,Streptococcus_infantis
OTU_324,Bacteria,Firmicutes,Bacilli,Lactobacillales,Streptococcaceae,Streptococcus,Streptococcus_intermedius
OTU_325,Bacteria,Firmicutes,Bacilli,Lactobacillales,Streptococcaceae,Streptococcus,Streptococcus_lutetiensis
OTU_326,Bacteria,Firmicutes,Bacilli,Lactobacillales,Streptococcaceae,Streptococcus,Streptococcus_macedonicus
OTU_327,Bacteria,Firmicutes,Bacilli,Lactobacillales,Streptococcaceae,Streptococcus,Streptococcus_massiliensis
OTU_328,Bacteria,Firmicutes,Bacilli,Lactobacillales,Streptococcaceae,Streptococcus,Streptococcus_mitis_oralis_pneumoniae
OTU_329,Bacteria,Firmicutes,Bacilli,Lactobacillales,Streptococcaceae,Streptococcus,Streptococcus_mutans
OTU_330,Bacteria,Firmicutes,Bacilli,Lactobacillales,Streptococcaceae,Streptococcus,Streptococcus_oligofermentans
OTU_331,Bacteria,Firmicutes,Bacilli,Lactobacillales,Streptococcaceae,Streptococcus,Streptococcus_parasanguinis
OTU_332,Bacteria,Firmicutes,Bacilli,Lactobacillales,Streptococcaceae,Streptococcus,Streptococcus_parauberis
OTU_333,Bacteria,Firmicutes,Bacilli,Lactobacillales,Streptococcaceae,Streptococcus,Streptococcus_pasteurianus
OTU_334,Bacteria,Firmicutes,Bacilli,Lactobacillales,Streptococcaceae,Streptococcus,Streptococcus_peroris
OTU_335,Bacteria,Firmicutes,Bacilli,Lactobacillales,Streptococcaceae,Streptococcus,Streptococcus_pseudopneumoniae
OTU_336,Bacteria,Firmicutes,Bacilli,Lactobacillales,Streptococcaceae,Streptococcus,Streptococcus_salivarius
OTU_337,Bacteria,Firmicutes,Bacilli,Lactobacillales,Streptococcaceae,Streptococcus,Streptococcus_sanguinis
OTU_338,Bacteria,Firmicutes,Bacilli,Lactobacillales,Streptococcaceae,Streptococcus,Streptococcus_sobrinus
OTU_339,Bacteria,Firmicutes,Bacilli,Lactobacillales,Streptococcaceae,Streptococcus,Streptococcus_sp_BS35b
OTU_340,Bacteria,Firmicutes,Bacilli,Lactobacillales,Streptococcaceae,Streptococcus,Streptococcus_sp_GMD5S
OTU_341,Bacteria,Firmicutes,Bacilli,Lactobacillales,Streptococcaceae,Streptococcus,Streptococcus_thermophilus
OTU_342,Bacteria,Firmicutes,Bacilli,Lactobacillales,Streptococcaceae,Streptococcus,Streptococcus_tigurinus
OTU_343,Bacteria,Firmicutes,Bacilli,Lactobacillales,Streptococcaceae,Streptococcus,Streptococcus_uberis
OTU_344,Bacteria,Firmicutes,Bacilli,Lactobacillales,Streptococcaceae,Streptococcus,Streptococcus_vestibularis
OTU_345,Bacteria,Firmicutes,Clostridia,Clostridiales,Clostridiaceae,Butyricicoccus,Butyricicoccus_pullicaecorum
OTU_346,Bacteria,Firmicutes,Clostridia,Clostridiales,Clostridiaceae,Clostridiaceae_noname,Clostridiaceae_bacterium_JC118
OTU_347,Bacteria,Firmicutes,Clostridia,Clostridiales,Clostridiaceae,Clostridium,Clostridium_asparagiforme
OTU_348,Bacteria,Firmicutes,Clostridia,Clostridiales,Clostridiaceae,Clostridium,Clostridium_bolteae
OTU_349,Bacteria,Firmicutes,Clostridia,Clostridiales,Clostridiaceae,Clostridium,Clostridium_butyricum
OTU_350,Bacteria,Firmicutes,Clostridia,Clostridiales,Clostridiaceae,Clostridium,Clostridium_celatum
OTU_351,Bacteria,Firmicutes,Clostridia,Clostridiales,Clostridiaceae,Clostridium,Clostridium_citroniae
OTU_352,Bacteria,Firmicutes,Clostridia,Clostridiales,Clostridiaceae,Clostridium,Clostridium_clostridioforme
OTU_353,Bacteria,Firmicutes,Clostridia,Clostridiales,Clostridiaceae,Clostridium,Clostridium_hathewayi
OTU_354,Bacteria,Firmicutes,Clostridia,Clostridiales,Clostridiaceae,Clostridium,Clostridium_hylemonae
OTU_355,Bacteria,Firmicutes,Clostridia,Clostridiales,Clostridiaceae,Clostridium,Clostridium_leptum
OTU_356,Bacteria,Firmicutes,Clostridia,Clostridiales,Clostridiaceae,Clostridium,Clostridium_methylpentosum
OTU_357,Bacteria,Firmicutes,Clostridia,Clostridiales,Clostridiaceae,Clostridium,Clostridium_nexile
OTU_358,Bacteria,Firmicutes,Clostridia,Clostridiales,Clostridiaceae,Clostridium,Clostridium_perfringens
OTU_359,Bacteria,Firmicutes,Clostridia,Clostridiales,Clostridiaceae,Clostridium,Clostridium_scindens
OTU_360,Bacteria,Firmicutes,Clostridia,Clostridiales,Clostridiaceae,Clostridium,Clostridium_sp_7_2_43FAA
OTU_361,Bacteria,Firmicutes,Clostridia,Clostridiales,Clostridiaceae,Clostridium,Clostridium_sp_ATCC_BAA_442
OTU_362,Bacteria,Firmicutes,Clostridia,Clostridiales,Clostridiaceae,Clostridium,Clostridium_sp_D5
OTU_363,Bacteria,Firmicutes,Clostridia,Clostridiales,Clostridiaceae,Clostridium,Clostridium_sp_HGF2
OTU_364,Bacteria,Firmicutes,Clostridia,Clostridiales,Clostridiaceae,Clostridium,Clostridium_sp_KLE_1755
OTU_365,Bacteria,Firmicutes,Clostridia,Clostridiales,Clostridiaceae,Clostridium,Clostridium_sp_L2_50
OTU_366,Bacteria,Firmicutes,Clostridia,Clostridiales,Clostridiaceae,Clostridium,Clostridium_sp_SS2_1
OTU_367,Bacteria,Firmicutes,Clostridia,Clostridiales,Clostridiaceae,Clostridium,Clostridium_symbiosum
OTU_368,Bacteria,Firmicutes,Clostridia,Clostridiales,Clostridiales_Family_XIII_Incertae_Sedis,Clostridiales_Family_XIII_Incertae_Sedis_noname,Eubacterium_infirmum
OTU_369,Bacteria,Firmicutes,Clostridia,Clostridiales,Clostridiales_Family_XIII_Incertae_Sedis,Clostridiales_Family_XIII_Incertae_Sedis_unclassified,Unknown
OTU_370,Bacteria,Firmicutes,Clostridia,Clostridiales,Clostridiales_Family_XIII_Incertae_Sedis,Mogibacterium,Mogibacterium_sp_CM50
OTU_371,Bacteria,Firmicutes,Clostridia,Clostridiales,Clostridiales_Family_XI_Incertae_Sedis,Anaerococcus,Anaerococcus_lactolyticus
OTU_372,Bacteria,Firmicutes,Clostridia,Clostridiales,Clostridiales_Family_XI_Incertae_Sedis,Anaerococcus,Anaerococcus_obesiensis
OTU_373,Bacteria,Firmicutes,Clostridia,Clostridiales,Clostridiales_Family_XI_Incertae_Sedis,Anaerococcus,Anaerococcus_prevotii
OTU_374,Bacteria,Firmicutes,Clostridia,Clostridiales,Clostridiales_Family_XI_Incertae_Sedis,Anaerococcus,Anaerococcus_tetradius
OTU_375,Bacteria,Firmicutes,Clostridia,Clostridiales,Clostridiales_Family_XI_Incertae_Sedis,Anaerococcus,Anaerococcus_vaginalis
OTU_376,Bacteria,Firmicutes,Clostridia,Clostridiales,Clostridiales_Family_XI_Incertae_Sedis,Clostridiales_Family_XI_Incertae_Sedis_noname,Clostridiales_bacterium_BV3C26
OTU_377,Bacteria,Firmicutes,Clostridia,Clostridiales,Clostridiales_Family_XI_Incertae_Sedis,Finegoldia,Finegoldia_magna
OTU_378,Bacteria,Firmicutes,Clostridia,Clostridiales,Clostridiales_Family_XI_Incertae_Sedis,Parvimonas,Parvimonas_micra
OTU_379,Bacteria,Firmicutes,Clostridia,Clostridiales,Clostridiales_Family_XI_Incertae_Sedis,Parvimonas,Parvimonas_sp_oral_taxon_110
OTU_380,Bacteria,Firmicutes,Clostridia,Clostridiales,Clostridiales_Family_XI_Incertae_Sedis,Parvimonas,Parvimonas_sp_oral_taxon_393
OTU_381,Bacteria,Firmicutes,Clostridia,Clostridiales,Clostridiales_Family_XI_Incertae_Sedis,Parvimonas,Parvimonas_unclassified
OTU_382,Bacteria,Firmicutes,Clostridia,Clostridiales,Clostridiales_Family_XI_Incertae_Sedis,Peptoniphilus,Peptoniphilus_duerdenii
OTU_383,Bacteria,Firmicutes,Clostridia,Clostridiales,Clostridiales_Family_XI_Incertae_Sedis,Peptoniphilus,Peptoniphilus_harei
OTU_384,Bacteria,Firmicutes,Clostridia,Clostridiales,Clostridiales_Family_XI_Incertae_Sedis,Peptoniphilus,Peptoniphilus_lacrimalis
OTU_385,Bacteria,Firmicutes,Clostridia,Clostridiales,Clostridiales_noname,Clostridiales_noname,Bacteroides_pectinophilus
OTU_386,Bacteria,Firmicutes,Clostridia,Clostridiales,Clostridiales_noname,Clostridiales_noname,Clostridiales_bacterium_1_7_47FAA
OTU_387,Bacteria,Firmicutes,Clostridia,Clostridiales,Clostridiales_noname,Flavonifractor,Flavonifractor_plautii
OTU_388,Bacteria,Firmicutes,Clostridia,Clostridiales,Clostridiales_noname,Pseudoflavonifractor,Pseudoflavonifractor_capillosus
OTU_389,Bacteria,Firmicutes,Clostridia,Clostridiales,Eubacteriaceae,Anaerofustis,Anaerofustis_stercorihominis
OTU_390,Bacteria,Firmicutes,Clostridia,Clostridiales,Eubacteriaceae,Eubacteriaceae_noname,Eubacteriaceae_bacterium_ACC19a
OTU_391,Bacteria,Firmicutes,Clostridia,Clostridiales,Eubacteriaceae,Eubacteriaceae_noname,Eubacteriaceae_bacterium_CM5
OTU_392,Bacteria,Firmicutes,Clostridia,Clostridiales,Eubacteriaceae,Eubacteriaceae_noname,Eubacteriaceae_noname_unclassified
OTU_393,Bacteria,Firmicutes,Clostridia,Clostridiales,Eubacteriaceae,Eubacterium,Eubacterium_brachy
OTU_394,Bacteria,Firmicutes,Clostridia,Clostridiales,Eubacteriaceae,Eubacterium,Eubacterium_eligens
OTU_395,Bacteria,Firmicutes,Clostridia,Clostridiales,Eubacteriaceae,Eubacterium,Eubacterium_hallii
OTU_396,Bacteria,Firmicutes,Clostridia,Clostridiales,Eubacteriaceae,Eubacterium,Eubacterium_limosum
OTU_397,Bacteria,Firmicutes,Clostridia,Clostridiales,Eubacteriaceae,Eubacterium,Eubacterium_ramulus
OTU_398,Bacteria,Firmicutes,Clostridia,Clostridiales,Eubacteriaceae,Eubacterium,Eubacterium_rectale
OTU_399,Bacteria,Firmicutes,Clostridia,Clostridiales,Eubacteriaceae,Eubacterium,Eubacterium_saphenum
OTU_400,Bacteria,Firmicutes,Clostridia,Clostridiales,Eubacteriaceae,Eubacterium,Eubacterium_siraeum
OTU_401,Bacteria,Firmicutes,Clostridia,Clostridiales,Eubacteriaceae,Eubacterium,Eubacterium_sp_3_1_31
OTU_402,Bacteria,Firmicutes,Clostridia,Clostridiales,Eubacteriaceae,Eubacterium,Eubacterium_ventriosum
OTU_403,Bacteria,Firmicutes,Clostridia,Clostridiales,Eubacteriaceae,Pseudoramibacter,Pseudoramibacter_alactolyticus
OTU_404,Bacteria,Firmicutes,Clostridia,Clostridiales,Lachnospiraceae,Anaerostipes,Anaerostipes_caccae
OTU_405,Bacteria,Firmicutes,Clostridia,Clostridiales,Lachnospiraceae,Anaerostipes,Anaerostipes_hadrus
OTU_406,Bacteria,Firmicutes,Clostridia,Clostridiales,Lachnospiraceae,Anaerostipes,Anaerostipes_sp_3_2_56FAA
OTU_407,Bacteria,Firmicutes,Clostridia,Clostridiales,Lachnospiraceae,Anaerostipes,Anaerostipes_unclassified
OTU_408,Bacteria,Firmicutes,Clostridia,Clostridiales,Lachnospiraceae,Blautia,Blautia_hansenii
OTU_409,Bacteria,Firmicutes,Clostridia,Clostridiales,Lachnospiraceae,Blautia,Blautia_hydrogenotrophica
OTU_410,Bacteria,Firmicutes,Clostridia,Clostridiales,Lachnospiraceae,Blautia,Blautia_producta
OTU_411,Bacteria,Firmicutes,Clostridia,Clostridiales,Lachnospiraceae,Blautia,Ruminococcus_gnavus
OTU_412,Bacteria,Firmicutes,Clostridia,Clostridiales,Lachnospiraceae,Blautia,Ruminococcus_obeum
OTU_413,Bacteria,Firmicutes,Clostridia,Clostridiales,Lachnospiraceae,Blautia,Ruminococcus_torques
OTU_414,Bacteria,Firmicutes,Clostridia,Clostridiales,Lachnospiraceae,Butyrivibrio,Butyrivibrio_crossotus
OTU_415,Bacteria,Firmicutes,Clostridia,Clostridiales,Lachnospiraceae,Butyrivibrio,Butyrivibrio_unclassified
OTU_416,Bacteria,Firmicutes,Clostridia,Clostridiales,Lachnospiraceae,Catonella,Catonella_morbi
OTU_417,Bacteria,Firmicutes,Clostridia,Clostridiales,Lachnospiraceae,Cellulosilyticum,Cellulosilyticum_lentocellum
OTU_418,Bacteria,Firmicutes,Clostridia,Clostridiales,Lachnospiraceae,Coprococcus,Coprococcus_catus
OTU_419,Bacteria,Firmicutes,Clostridia,Clostridiales,Lachnospiraceae,Coprococcus,Coprococcus_comes
OTU_420,Bacteria,Firmicutes,Clostridia,Clostridiales,Lachnospiraceae,Coprococcus,Coprococcus_eutactus
OTU_421,Bacteria,Firmicutes,Clostridia,Clostridiales,Lachnospiraceae,Coprococcus,Coprococcus_sp_ART55_1
OTU_422,Bacteria,Firmicutes,Clostridia,Clostridiales,Lachnospiraceae,Dorea,Dorea_formicigenerans
OTU_423,Bacteria,Firmicutes,Clostridia,Clostridiales,Lachnospiraceae,Dorea,Dorea_longicatena
OTU_424,Bacteria,Firmicutes,Clostridia,Clostridiales,Lachnospiraceae,Dorea,Dorea_unclassified
OTU_425,Bacteria,Firmicutes,Clostridia,Clostridiales,Lachnospiraceae,Lachnoanaerobaculum,Lachnoanaerobaculum_saburreum
OTU_426,Bacteria,Firmicutes,Clostridia,Clostridiales,Lachnospiraceae,Lachnospiraceae_noname,Lachnospiraceae_bacterium_1_1_57FAA
OTU_427,Bacteria,Firmicutes,Clostridia,Clostridiales,Lachnospiraceae,Lachnospiraceae_noname,Lachnospiraceae_bacterium_1_4_56FAA
OTU_428,Bacteria,Firmicutes,Clostridia,Clostridiales,Lachnospiraceae,Lachnospiraceae_noname,Lachnospiraceae_bacterium_2_1_46FAA
OTU_429,Bacteria,Firmicutes,Clostridia,Clostridiales,Lachnospiraceae,Lachnospiraceae_noname,Lachnospiraceae_bacterium_2_1_58FAA
OTU_430,Bacteria,Firmicutes,Clostridia,Clostridiales,Lachnospiraceae,Lachnospiraceae_noname,Lachnospiraceae_bacterium_3_1_46FAA
OTU_431,Bacteria,Firmicutes,Clostridia,Clostridiales,Lachnospiraceae,Lachnospiraceae_noname,Lachnospiraceae_bacterium_3_1_57FAA_CT1
OTU_432,Bacteria,Firmicutes,Clostridia,Clostridiales,Lachnospiraceae,Lachnospiraceae_noname,Lachnospiraceae_bacterium_4_1_37FAA
OTU_433,Bacteria,Firmicutes,Clostridia,Clostridiales,Lachnospiraceae,Lachnospiraceae_noname,Lachnospiraceae_bacterium_5_1_57FAA
OTU_434,Bacteria,Firmicutes,Clostridia,Clostridiales,Lachnospiraceae,Lachnospiraceae_noname,Lachnospiraceae_bacterium_5_1_63FAA
OTU_435,Bacteria,Firmicutes,Clostridia,Clostridiales,Lachnospiraceae,Lachnospiraceae_noname,Lachnospiraceae_bacterium_6_1_63FAA
OTU_436,Bacteria,Firmicutes,Clostridia,Clostridiales,Lachnospiraceae,Lachnospiraceae_noname,Lachnospiraceae_bacterium_7_1_58FAA
OTU_437,Bacteria,Firmicutes,Clostridia,Clostridiales,Lachnospiraceae,Lachnospiraceae_noname,Lachnospiraceae_bacterium_8_1_57FAA
OTU_438,Bacteria,Firmicutes,Clostridia,Clostridiales,Lachnospiraceae,Lachnospiraceae_noname,Lachnospiraceae_bacterium_9_1_43BFAA
OTU_439,Bacteria,Firmicutes,Clostridia,Clostridiales,Lachnospiraceae,Lachnospiraceae_noname,Lachnospiraceae_bacterium_ICM7
OTU_440,Bacteria,Firmicutes,Clostridia,Clostridiales,Lachnospiraceae,Lachnospiraceae_noname,Lachnospiraceae_bacterium_oral_taxon_082
OTU_441,Bacteria,Firmicutes,Clostridia,Clostridiales,Lachnospiraceae,Lachnospiraceae_noname,Lachnospiraceae_oral_taxon_107
OTU_442,Bacteria,Firmicutes,Clostridia,Clostridiales,Lachnospiraceae,Marvinbryantia,Marvinbryantia_formatexigens
OTU_443,Bacteria,Firmicutes,Clostridia,Clostridiales,Lachnospiraceae,Oribacterium,Oribacterium_sinus
OTU_444,Bacteria,Firmicutes,Clostridia,Clostridiales,Lachnospiraceae,Oribacterium,Oribacterium_sp_oral_taxon_078
OTU_445,Bacteria,Firmicutes,Clostridia,Clostridiales,Lachnospiraceae,Roseburia,Roseburia_hominis
OTU_446,Bacteria,Firmicutes,Clostridia,Clostridiales,Lachnospiraceae,Roseburia,Roseburia_intestinalis
OTU_447,Bacteria,Firmicutes,Clostridia,Clostridiales,Lachnospiraceae,Roseburia,Roseburia_inulinivorans
OTU_448,Bacteria,Firmicutes,Clostridia,Clostridiales,Lachnospiraceae,Roseburia,Roseburia_unclassified
OTU_449,Bacteria,Firmicutes,Clostridia,Clostridiales,Lachnospiraceae,Shuttleworthia,Shuttleworthia_satelles
OTU_450,Bacteria,Firmicutes,Clostridia,Clostridiales,Lachnospiraceae,Stomatobaculum,Stomatobaculum_longum
OTU_451,Bacteria,Firmicutes,Clostridia,Clostridiales,Oscillospiraceae,Oscillibacter,Oscillibacter_sp_KLE_1728
OTU_452,Bacteria,Firmicutes,Clostridia,Clostridiales,Oscillospiraceae,Oscillibacter,Oscillibacter_sp_KLE_1745
OTU_453,Bacteria,Firmicutes,Clostridia,Clostridiales,Oscillospiraceae,Oscillibacter,Oscillibacter_unclassified
OTU_454,Bacteria,Firmicutes,Clostridia,Clostridiales,Peptococcaceae,Desulfotomaculum,Desulfotomaculum_ruminis
OTU_455,Bacteria,Firmicutes,Clostridia,Clostridiales,Peptostreptococcaceae,Filifactor,Filifactor_alocis
OTU_456,Bacteria,Firmicutes,Clostridia,Clostridiales,Peptostreptococcaceae,Peptostreptococcaceae_noname,Clostridium_bartlettii
OTU_457,Bacteria,Firmicutes,Clostridia,Clostridiales,Peptostreptococcaceae,Peptostreptococcaceae_noname,Clostridium_bifermentans
OTU_458,Bacteria,Firmicutes,Clostridia,Clostridiales,Peptostreptococcaceae,Peptostreptococcaceae_noname,Clostridium_difficile
OTU_459,Bacteria,Firmicutes,Clostridia,Clostridiales,Peptostreptococcaceae,Peptostreptococcaceae_noname,Clostridium_glycolicum
OTU_460,Bacteria,Firmicutes,Clostridia,Clostridiales,Peptostreptococcaceae,Peptostreptococcaceae_noname,Clostridium_hiranonis
OTU_461,Bacteria,Firmicutes,Clostridia,Clostridiales,Peptostreptococcaceae,Peptostreptococcaceae_noname,Clostridium_sordellii
OTU_462,Bacteria,Firmicutes,Clostridia,Clostridiales,Peptostreptococcaceae,Peptostreptococcaceae_noname,Eubacterium_yurii
OTU_463,Bacteria,Firmicutes,Clostridia,Clostridiales,Peptostreptococcaceae,Peptostreptococcaceae_noname,Peptostreptococcaceae_noname_unclassified
OTU_464,Bacteria,Firmicutes,Clostridia,Clostridiales,Peptostreptococcaceae,Peptostreptococcus,Peptostreptococcus_anaerobius
OTU_465,Bacteria,Firmicutes,Clostridia,Clostridiales,Peptostreptococcaceae,Peptostreptococcus,Peptostreptococcus_stomatis
OTU_466,Bacteria,Firmicutes,Clostridia,Clostridiales,Peptostreptococcaceae,Peptostreptococcus,Peptostreptococcus_unclassified
OTU_467,Bacteria,Firmicutes,Clostridia,Clostridiales,Ruminococcaceae,Anaerotruncus,Anaerotruncus_colihominis
OTU_468,Bacteria,Firmicutes,Clostridia,Clostridiales,Ruminococcaceae,Anaerotruncus,Anaerotruncus_unclassified
OTU_469,Bacteria,Firmicutes,Clostridia,Clostridiales,Ruminococcaceae,Faecalibacterium,Faecalibacterium_prausnitzii
OTU_470,Bacteria,Firmicutes,Clostridia,Clostridiales,Ruminococcaceae,Ruminococcaceae_noname,Ruminococcaceae_bacterium_D16
OTU_471,Bacteria,Firmicutes,Clostridia,Clostridiales,Ruminococcaceae,Ruminococcus,Ruminococcus_albus
OTU_472,Bacteria,Firmicutes,Clostridia,Clostridiales,Ruminococcaceae,Ruminococcus,Ruminococcus_bromii
OTU_473,Bacteria,Firmicutes,Clostridia,Clostridiales,Ruminococcaceae,Ruminococcus,Ruminococcus_callidus
OTU_474,Bacteria,Firmicutes,Clostridia,Clostridiales,Ruminococcaceae,Ruminococcus,Ruminococcus_champanellensis
OTU_475,Bacteria,Firmicutes,Clostridia,Clostridiales,Ruminococcaceae,Ruminococcus,Ruminococcus_flavefaciens
OTU_476,Bacteria,Firmicutes,Clostridia,Clostridiales,Ruminococcaceae,Ruminococcus,Ruminococcus_lactaris
OTU_477,Bacteria,Firmicutes,Clostridia,Clostridiales,Ruminococcaceae,Ruminococcus,Ruminococcus_sp
OTU_478,Bacteria,Firmicutes,Clostridia,Clostridiales,Ruminococcaceae,Ruminococcus,Ruminococcus_sp_5_1_39BFAA
OTU_479,Bacteria,Firmicutes,Clostridia,Clostridiales,Ruminococcaceae,Ruminococcus,Ruminococcus_sp_JC304
OTU_480,Bacteria,Firmicutes,Clostridia,Clostridiales,Ruminococcaceae,Subdoligranulum,Subdoligranulum_sp_4_3_54A2FAA
OTU_481,Bacteria,Firmicutes,Clostridia,Clostridiales,Ruminococcaceae,Subdoligranulum,Subdoligranulum_unclassified
OTU_482,Bacteria,Firmicutes,Clostridia,Clostridiales,Ruminococcaceae,Subdoligranulum,Subdoligranulum_variabile
OTU_483,Bacteria,Firmicutes,Erysipelotrichia,Erysipelotrichales,Erysipelotrichaceae,Bulleidia,Bulleidia_extructa
OTU_484,Bacteria,Firmicutes,Erysipelotrichia,Erysipelotrichales,Erysipelotrichaceae,Catenibacterium,Catenibacterium_mitsuokai
OTU_485,Bacteria,Firmicutes,Erysipelotrichia,Erysipelotrichales,Erysipelotrichaceae,Coprobacillus,Coprobacillus_sp_29_1
OTU_486,Bacteria,Firmicutes,Erysipelotrichia,Erysipelotrichales,Erysipelotrichaceae,Coprobacillus,Coprobacillus_sp_D6
OTU_487,Bacteria,Firmicutes,Erysipelotrichia,Erysipelotrichales,Erysipelotrichaceae,Coprobacillus,Coprobacillus_unclassified
OTU_488,Bacteria,Firmicutes,Erysipelotrichia,Erysipelotrichales,Erysipelotrichaceae,Eggerthia,Eggerthia_catenaformis
OTU_489,Bacteria,Firmicutes,Erysipelotrichia,Erysipelotrichales,Erysipelotrichaceae,Erysipelotrichaceae_noname,Clostridium_innocuum
OTU_490,Bacteria,Firmicutes,Erysipelotrichia,Erysipelotrichales,Erysipelotrichaceae,Erysipelotrichaceae_noname,Clostridium_ramosum
OTU_491,Bacteria,Firmicutes,Erysipelotrichia,Erysipelotrichales,Erysipelotrichaceae,Erysipelotrichaceae_noname,Clostridium_spiroforme
OTU_492,Bacteria,Firmicutes,Erysipelotrichia,Erysipelotrichales,Erysipelotrichaceae,Erysipelotrichaceae_noname,Erysipelotrichaceae_bacterium_21_3
OTU_493,Bacteria,Firmicutes,Erysipelotrichia,Erysipelotrichales,Erysipelotrichaceae,Erysipelotrichaceae_noname,Erysipelotrichaceae_bacterium_2_2_44A
OTU_494,Bacteria,Firmicutes,Erysipelotrichia,Erysipelotrichales,Erysipelotrichaceae,Erysipelotrichaceae_noname,Erysipelotrichaceae_bacterium_3_1_53
OTU_495,Bacteria,Firmicutes,Erysipelotrichia,Erysipelotrichales,Erysipelotrichaceae,Erysipelotrichaceae_noname,Erysipelotrichaceae_bacterium_5_2_54FAA
OTU_496,Bacteria,Firmicutes,Erysipelotrichia,Erysipelotrichales,Erysipelotrichaceae,Erysipelotrichaceae_noname,Erysipelotrichaceae_bacterium_6_1_45
OTU_497,Bacteria,Firmicutes,Erysipelotrichia,Erysipelotrichales,Erysipelotrichaceae,Erysipelotrichaceae_noname,Eubacterium_biforme
OTU_498,Bacteria,Firmicutes,Erysipelotrichia,Erysipelotrichales,Erysipelotrichaceae,Erysipelotrichaceae_noname,Eubacterium_cylindroides
OTU_499,Bacteria,Firmicutes,Erysipelotrichia,Erysipelotrichales,Erysipelotrichaceae,Erysipelotrichaceae_noname,Eubacterium_dolichum
OTU_500,Bacteria,Firmicutes,Erysipelotrichia,Erysipelotrichales,Erysipelotrichaceae,Holdemania,Holdemania_filiformis
OTU_501,Bacteria,Firmicutes,Erysipelotrichia,Erysipelotrichales,Erysipelotrichaceae,Holdemania,Holdemania_sp_AP2
OTU_502,Bacteria,Firmicutes,Erysipelotrichia,Erysipelotrichales,Erysipelotrichaceae,Holdemania,Holdemania_unclassified
OTU_503,Bacteria,Firmicutes,Erysipelotrichia,Erysipelotrichales,Erysipelotrichaceae,Solobacterium,Solobacterium_moorei
OTU_504,Bacteria,Firmicutes,Erysipelotrichia,Erysipelotrichales,Erysipelotrichaceae,Turicibacter,Turicibacter_sanguinis
OTU_505,Bacteria,Firmicutes,Erysipelotrichia,Erysipelotrichales,Erysipelotrichaceae,Turicibacter,Turicibacter_unclassified
OTU_506,Bacteria,Firmicutes,Negativicutes,Selenomonadales,Acidaminococcaceae,Acidaminococcaceae_unclassified,Unknown
OTU_507,Bacteria,Firmicutes,Negativicutes,Selenomonadales,Acidaminococcaceae,Acidaminococcus,Acidaminococcus_fermentans
OTU_508,Bacteria,Firmicutes,Negativicutes,Selenomonadales,Acidaminococcaceae,Acidaminococcus,Acidaminococcus_intestini
OTU_509,Bacteria,Firmicutes,Negativicutes,Selenomonadales,Acidaminococcaceae,Acidaminococcus,Acidaminococcus_sp_BV3L6
OTU_510,Bacteria,Firmicutes,Negativicutes,Selenomonadales,Acidaminococcaceae,Acidaminococcus,Acidaminococcus_sp_D21
OTU_511,Bacteria,Firmicutes,Negativicutes,Selenomonadales,Acidaminococcaceae,Acidaminococcus,Acidaminococcus_sp_HPA0509
OTU_512,Bacteria,Firmicutes,Negativicutes,Selenomonadales,Acidaminococcaceae,Acidaminococcus,Acidaminococcus_unclassified
OTU_513,Bacteria,Firmicutes,Negativicutes,Selenomonadales,Acidaminococcaceae,Phascolarctobacterium,Phascolarctobacterium_succinatutens
OTU_514,Bacteria,Firmicutes,Negativicutes,Selenomonadales,Veillonellaceae,Anaeroglobus,Anaeroglobus_geminatus
OTU_515,Bacteria,Firmicutes,Negativicutes,Selenomonadales,Veillonellaceae,Centipeda,Centipeda_periodontii
OTU_516,Bacteria,Firmicutes,Negativicutes,Selenomonadales,Veillonellaceae,Dialister,Dialister_invisus
OTU_517,Bacteria,Firmicutes,Negativicutes,Selenomonadales,Veillonellaceae,Dialister,Dialister_micraerophilus
OTU_518,Bacteria,Firmicutes,Negativicutes,Selenomonadales,Veillonellaceae,Dialister,Dialister_succinatiphilus
OTU_519,Bacteria,Firmicutes,Negativicutes,Selenomonadales,Veillonellaceae,Megamonas,Megamonas_funiformis
OTU_520,Bacteria,Firmicutes,Negativicutes,Selenomonadales,Veillonellaceae,Megamonas,Megamonas_hypermegale
OTU_521,Bacteria,Firmicutes,Negativicutes,Selenomonadales,Veillonellaceae,Megamonas,Megamonas_rupellensis
OTU_522,Bacteria,Firmicutes,Negativicutes,Selenomonadales,Veillonellaceae,Megamonas,Megamonas_unclassified
OTU_523,Bacteria,Firmicutes,Negativicutes,Selenomonadales,Veillonellaceae,Megasphaera,Megasphaera_elsdenii
OTU_524,Bacteria,Firmicutes,Negativicutes,Selenomonadales,Veillonellaceae,Megasphaera,Megasphaera_genomosp_type_1
OTU_525,Bacteria,Firmicutes,Negativicutes,Selenomonadales,Veillonellaceae,Megasphaera,Megasphaera_micronuciformis
OTU_526,Bacteria,Firmicutes,Negativicutes,Selenomonadales,Veillonellaceae,Megasphaera,Megasphaera_sp_BV3C16_1
OTU_527,Bacteria,Firmicutes,Negativicutes,Selenomonadales,Veillonellaceae,Megasphaera,Megasphaera_unclassified
OTU_528,Bacteria,Firmicutes,Negativicutes,Selenomonadales,Veillonellaceae,Mitsuokella,Mitsuokella_multacida
OTU_529,Bacteria,Firmicutes,Negativicutes,Selenomonadales,Veillonellaceae,Mitsuokella,Mitsuokella_unclassified
OTU_530,Bacteria,Firmicutes,Negativicutes,Selenomonadales,Veillonellaceae,Selenomonas,Selenomonas_artemidis
OTU_531,Bacteria,Firmicutes,Negativicutes,Selenomonadales,Veillonellaceae,Selenomonas,Selenomonas_bovis
OTU_532,Bacteria,Firmicutes,Negativicutes,Selenomonadales,Veillonellaceae,Selenomonas,Selenomonas_flueggei
OTU_533,Bacteria,Firmicutes,Negativicutes,Selenomonadales,Veillonellaceae,Selenomonas,Selenomonas_infelix
OTU_534,Bacteria,Firmicutes,Negativicutes,Selenomonadales,Veillonellaceae,Selenomonas,Selenomonas_noxia
OTU_535,Bacteria,Firmicutes,Negativicutes,Selenomonadales,Veillonellaceae,Selenomonas,Selenomonas_sputigena
OTU_536,Bacteria,Firmicutes,Negativicutes,Selenomonadales,Veillonellaceae,Veillonella,Veillonella_atypica
OTU_537,Bacteria,Firmicutes,Negativicutes,Selenomonadales,Veillonellaceae,Veillonella,Veillonella_dispar
OTU_538,Bacteria,Firmicutes,Negativicutes,Selenomonadales,Veillonellaceae,Veillonella,Veillonella_parvula
OTU_539,Bacteria,Firmicutes,Negativicutes,Selenomonadales,Veillonellaceae,Veillonella,Veillonella_ratti
OTU_540,Bacteria,Firmicutes,Negativicutes,Selenomonadales,Veillonellaceae,Veillonella,Veillonella_sp_3_1_44
OTU_541,Bacteria,Firmicutes,Negativicutes,Selenomonadales,Veillonellaceae,Veillonella,Veillonella_sp_6_1_27
OTU_542,Bacteria,Firmicutes,Negativicutes,Selenomonadales,Veillonellaceae,Veillonella,Veillonella_unclassified
OTU_543,Bacteria,Fusobacteria,Fusobacteriia,Fusobacteriales,Fusobacteriaceae,Cetobacterium,Cetobacterium_somerae
OTU_544,Bacteria,Fusobacteria,Fusobacteriia,Fusobacteriales,Fusobacteriaceae,Fusobacterium,Fusobacterium_gonidiaformans
OTU_545,Bacteria,Fusobacteria,Fusobacteriia,Fusobacteriales,Fusobacteriaceae,Fusobacterium,Fusobacterium_mortiferum
OTU_546,Bacteria,Fusobacteria,Fusobacteriia,Fusobacteriales,Fusobacteriaceae,Fusobacterium,Fusobacterium_necrophorum
OTU_547,Bacteria,Fusobacteria,Fusobacteriia,Fusobacteriales,Fusobacteriaceae,Fusobacterium,Fusobacterium_nucleatum
OTU_548,Bacteria,Fusobacteria,Fusobacteriia,Fusobacteriales,Fusobacteriaceae,Fusobacterium,Fusobacterium_periodonticum
OTU_549,Bacteria,Fusobacteria,Fusobacteriia,Fusobacteriales,Fusobacteriaceae,Fusobacterium,Fusobacterium_sp_oral_taxon_370
OTU_550,Bacteria,Fusobacteria,Fusobacteriia,Fusobacteriales,Fusobacteriaceae,Fusobacterium,Fusobacterium_ulcerans
OTU_551,Bacteria,Fusobacteria,Fusobacteriia,Fusobacteriales,Fusobacteriaceae,Fusobacterium,Fusobacterium_varium
OTU_552,Bacteria,Fusobacteria,Fusobacteriia,Fusobacteriales,Leptotrichiaceae,Leptotrichiaceae_unclassified,Unknown
OTU_553,Bacteria,Fusobacteria,Fusobacteriia,Fusobacteriales,Leptotrichiaceae,Leptotrichia,Leptotrichia_hofstadii
OTU_554,Bacteria,Fusobacteria,Fusobacteriia,Fusobacteriales,Leptotrichiaceae,Leptotrichia,Leptotrichia_shahii
OTU_555,Bacteria,Fusobacteria,Fusobacteriia,Fusobacteriales,Leptotrichiaceae,Leptotrichia,Leptotrichia_unclassified
OTU_556,Bacteria,Fusobacteria,Fusobacteriia,Fusobacteriales,Leptotrichiaceae,Leptotrichia,Leptotrichia_wadei
OTU_557,Bacteria,Proteobacteria,Alphaproteobacteria,Caulobacterales,Caulobacteraceae,Asticcacaulis,Asticcacaulis_unclassified
OTU_558,Bacteria,Proteobacteria,Alphaproteobacteria,Caulobacterales,Caulobacteraceae,Brevundimonas,Brevundimonas_unclassified
OTU_559,Bacteria,Proteobacteria,Alphaproteobacteria,Caulobacterales,Caulobacteraceae,Caulobacter,Caulobacter_unclassified
OTU_560,Bacteria,Proteobacteria,Alphaproteobacteria,Rhizobiales,Rhizobiaceae,Agrobacterium,Agrobacterium_unclassified
OTU_561,Bacteria,Proteobacteria,Alphaproteobacteria,Rhizobiales,Rhizobiaceae,Rhizobium,Rhizobium_lupini
OTU_562,Bacteria,Proteobacteria,Alphaproteobacteria,Sphingomonadales,Sphingomonadaceae,Sphingobium,Sphingobium_yanoikuyae
OTU_563,Bacteria,Proteobacteria,Betaproteobacteria,Burkholderiales,Alcaligenaceae,Achromobacter,Achromobacter_piechaudii
OTU_564,Bacteria,Proteobacteria,Betaproteobacteria,Burkholderiales,Alcaligenaceae,Achromobacter,Achromobacter_unclassified
OTU_565,Bacteria,Proteobacteria,Betaproteobacteria,Burkholderiales,Alcaligenaceae,Alcaligenes,Alcaligenes_unclassified
OTU_566,Bacteria,Proteobacteria,Betaproteobacteria,Burkholderiales,Alcaligenaceae,Bordetella,Bordetella_unclassified
OTU_567,Bacteria,Proteobacteria,Betaproteobacteria,Burkholderiales,Burkholderiaceae,Burkholderia,Burkholderia_unclassified
OTU_568,Bacteria,Proteobacteria,Betaproteobacteria,Burkholderiales,Burkholderiaceae,Cupriavidus,Cupriavidus_unclassified
OTU_569,Bacteria,Proteobacteria,Betaproteobacteria,Burkholderiales,Burkholderiaceae,Lautropia,Lautropia_mirabilis
OTU_570,Bacteria,Proteobacteria,Betaproteobacteria,Burkholderiales,Burkholderiaceae,Ralstonia,Ralstonia_pickettii
OTU_571,Bacteria,Proteobacteria,Betaproteobacteria,Burkholderiales,Burkholderiaceae,Ralstonia,Ralstonia_unclassified
OTU_572,Bacteria,Proteobacteria,Betaproteobacteria,Burkholderiales,Burkholderiales_noname,Burkholderiales_noname,Burkholderiales_bacterium_1_1_47
OTU_573,Bacteria,Proteobacteria,Betaproteobacteria,Burkholderiales,Comamonadaceae,Alicycliphilus,Alicycliphilus_unclassified
OTU_574,Bacteria,Proteobacteria,Betaproteobacteria,Burkholderiales,Comamonadaceae,Comamonas,Comamonas_testosteroni
OTU_575,Bacteria,Proteobacteria,Betaproteobacteria,Burkholderiales,Comamonadaceae,Comamonas,Comamonas_unclassified
OTU_576,Bacteria,Proteobacteria,Betaproteobacteria,Burkholderiales,Comamonadaceae,Variovorax,Variovorax_unclassified
OTU_577,Bacteria,Proteobacteria,Betaproteobacteria,Burkholderiales,Oxalobacteraceae,Oxalobacter,Oxalobacter_formigenes
OTU_578,Bacteria,Proteobacteria,Betaproteobacteria,Burkholderiales,Sutterellaceae,Parasutterella,Parasutterella_excrementihominis
OTU_579,Bacteria,Proteobacteria,Betaproteobacteria,Burkholderiales,Sutterellaceae,Sutterellaceae_unclassified,Unknown
OTU_580,Bacteria,Proteobacteria,Betaproteobacteria,Burkholderiales,Sutterellaceae,Sutterella,Sutterella_parvirubra
OTU_581,Bacteria,Proteobacteria,Betaproteobacteria,Burkholderiales,Sutterellaceae,Sutterella,Sutterella_wadsworthensis
OTU_582,Bacteria,Proteobacteria,Betaproteobacteria,Neisseriales,Neisseriaceae,Eikenella,Eikenella_corrodens
OTU_583,Bacteria,Proteobacteria,Betaproteobacteria,Neisseriales,Neisseriaceae,Kingella,Kingella_oralis
OTU_584,Bacteria,Proteobacteria,Betaproteobacteria,Neisseriales,Neisseriaceae,Kingella,Kingella_unclassified
OTU_585,Bacteria,Proteobacteria,Betaproteobacteria,Neisseriales,Neisseriaceae,Neisseria,Neisseria_flavescens
OTU_586,Bacteria,Proteobacteria,Betaproteobacteria,Neisseriales,Neisseriaceae,Neisseria,Neisseria_meningitidis
OTU_587,Bacteria,Proteobacteria,Betaproteobacteria,Neisseriales,Neisseriaceae,Neisseria,Neisseria_sicca
OTU_588,Bacteria,Proteobacteria,Betaproteobacteria,Neisseriales,Neisseriaceae,Neisseria,Neisseria_subflava
OTU_589,Bacteria,Proteobacteria,Betaproteobacteria,Neisseriales,Neisseriaceae,Neisseria,Neisseria_unclassified
OTU_590,Bacteria,Proteobacteria,Deltaproteobacteria,Desulfovibrionales,Desulfovibrionaceae,Bilophila,Bilophila_sp_4_1_30
OTU_591,Bacteria,Proteobacteria,Deltaproteobacteria,Desulfovibrionales,Desulfovibrionaceae,Bilophila,Bilophila_unclassified
OTU_592,Bacteria,Proteobacteria,Deltaproteobacteria,Desulfovibrionales,Desulfovibrionaceae,Bilophila,Bilophila_wadsworthia
OTU_593,Bacteria,Proteobacteria,Deltaproteobacteria,Desulfovibrionales,Desulfovibrionaceae,Desulfovibrio,Desulfovibrio_desulfuricans
OTU_594,Bacteria,Proteobacteria,Deltaproteobacteria,Desulfovibrionales,Desulfovibrionaceae,Desulfovibrio,Desulfovibrio_piger
OTU_595,Bacteria,Proteobacteria,Deltaproteobacteria,Desulfovibrionales,Desulfovibrionaceae,Desulfovibrio,Desulfovibrio_termitidis
OTU_596,Bacteria,Proteobacteria,Deltaproteobacteria,Desulfovibrionales,Desulfovibrionaceae,Desulfovibrio,Desulfovibrio_vulgaris
OTU_597,Bacteria,Proteobacteria,Epsilonproteobacteria,Campylobacterales,Campylobacteraceae,Arcobacter,Arcobacter_butzleri
OTU_598,Bacteria,Proteobacteria,Epsilonproteobacteria,Campylobacterales,Campylobacteraceae,Arcobacter,Arcobacter_unclassified
OTU_599,Bacteria,Proteobacteria,Epsilonproteobacteria,Campylobacterales,Campylobacteraceae,Campylobacter,Campylobacter_coli
OTU_600,Bacteria,Proteobacteria,Epsilonproteobacteria,Campylobacterales,Campylobacteraceae,Campylobacter,Campylobacter_concisus
OTU_601,Bacteria,Proteobacteria,Epsilonproteobacteria,Campylobacterales,Campylobacteraceae,Campylobacter,Campylobacter_curvus
OTU_602,Bacteria,Proteobacteria,Epsilonproteobacteria,Campylobacterales,Campylobacteraceae,Campylobacter,Campylobacter_gracilis
OTU_603,Bacteria,Proteobacteria,Epsilonproteobacteria,Campylobacterales,Campylobacteraceae,Campylobacter,Campylobacter_hominis
OTU_604,Bacteria,Proteobacteria,Epsilonproteobacteria,Campylobacterales,Campylobacteraceae,Campylobacter,Campylobacter_jejuni
OTU_605,Bacteria,Proteobacteria,Epsilonproteobacteria,Campylobacterales,Campylobacteraceae,Campylobacter,Campylobacter_rectus
OTU_606,Bacteria,Proteobacteria,Epsilonproteobacteria,Campylobacterales,Campylobacteraceae,Campylobacter,Campylobacter_showae
OTU_607,Bacteria,Proteobacteria,Epsilonproteobacteria,Campylobacterales,Campylobacteraceae,Campylobacter,Campylobacter_ureolyticus
OTU_608,Bacteria,Proteobacteria,Epsilonproteobacteria,Campylobacterales,Helicobacteraceae,Helicobacter,Helicobacter_cinaedi
OTU_609,Bacteria,Proteobacteria,Epsilonproteobacteria,Campylobacterales,Helicobacteraceae,Helicobacter,Helicobacter_pullorum
OTU_610,Bacteria,Proteobacteria,Gammaproteobacteria,Aeromonadales,Aeromonadaceae,Aeromonas,Aeromonas_hydrophila
OTU_611,Bacteria,Proteobacteria,Gammaproteobacteria,Aeromonadales,Aeromonadaceae,Aeromonas,Aeromonas_unclassified
OTU_612,Bacteria,Proteobacteria,Gammaproteobacteria,Aeromonadales,Aeromonadaceae,Aeromonas,Aeromonas_veronii
OTU_613,Bacteria,Proteobacteria,Gammaproteobacteria,Aeromonadales,Succinivibrionaceae,Succinatimonas,Succinatimonas_hippei
OTU_614,Bacteria,Proteobacteria,Gammaproteobacteria,Aeromonadales,Succinivibrionaceae,Succinivibrionaceae_unclassified,Unknown
OTU_615,Bacteria,Proteobacteria,Gammaproteobacteria,Cardiobacteriales,Cardiobacteriaceae,Cardiobacteriaceae_unclassified,Unknown
OTU_616,Bacteria,Proteobacteria,Gammaproteobacteria,Cardiobacteriales,Cardiobacteriaceae,Cardiobacterium,Cardiobacterium_hominis
OTU_617,Bacteria,Proteobacteria,Gammaproteobacteria,Cardiobacteriales,Cardiobacteriaceae,Cardiobacterium,Cardiobacterium_valvarum
OTU_618,Bacteria,Proteobacteria,Gammaproteobacteria,Enterobacteriales,Enterobacteriaceae,Citrobacter,Citrobacter_freundii
OTU_619,Bacteria,Proteobacteria,Gammaproteobacteria,Enterobacteriales,Enterobacteriaceae,Citrobacter,Citrobacter_koseri
OTU_620,Bacteria,Proteobacteria,Gammaproteobacteria,Enterobacteriales,Enterobacteriaceae,Citrobacter,Citrobacter_unclassified
OTU_621,Bacteria,Proteobacteria,Gammaproteobacteria,Enterobacteriales,Enterobacteriaceae,Cronobacter,Cronobacter_malonaticus
OTU_622,Bacteria,Proteobacteria,Gammaproteobacteria,Enterobacteriales,Enterobacteriaceae,Cronobacter,Cronobacter_sakazakii
OTU_623,Bacteria,Proteobacteria,Gammaproteobacteria,Enterobacteriales,Enterobacteriaceae,Edwardsiella,Edwardsiella_tarda
OTU_624,Bacteria,Proteobacteria,Gammaproteobacteria,Enterobacteriales,Enterobacteriaceae,Enterobacteriaceae_noname,Enterobacteriaceae_bacterium_9_2_54FAA
OTU_625,Bacteria,Proteobacteria,Gammaproteobacteria,Enterobacteriales,Enterobacteriaceae,Enterobacter,Enterobacter_aerogenes
OTU_626,Bacteria,Proteobacteria,Gammaproteobacteria,Enterobacteriales,Enterobacteriaceae,Enterobacter,Enterobacter_cloacae
OTU_627,Bacteria,Proteobacteria,Gammaproteobacteria,Enterobacteriales,Enterobacteriaceae,Enterobacter,Enterobacter_hormaechei
OTU_628,Bacteria,Proteobacteria,Gammaproteobacteria,Enterobacteriales,Enterobacteriaceae,Enterobacter,Enterobacter_mori
OTU_629,Bacteria,Proteobacteria,Gammaproteobacteria,Enterobacteriales,Enterobacteriaceae,Escherichia,Escherichia_albertii
OTU_630,Bacteria,Proteobacteria,Gammaproteobacteria,Enterobacteriales,Enterobacteriaceae,Escherichia,Escherichia_coli
OTU_631,Bacteria,Proteobacteria,Gammaproteobacteria,Enterobacteriales,Enterobacteriaceae,Escherichia,Escherichia_hermannii
OTU_632,Bacteria,Proteobacteria,Gammaproteobacteria,Enterobacteriales,Enterobacteriaceae,Escherichia,Escherichia_unclassified
OTU_633,Bacteria,Proteobacteria,Gammaproteobacteria,Enterobacteriales,Enterobacteriaceae,Hafnia,Hafnia_alvei
OTU_634,Bacteria,Proteobacteria,Gammaproteobacteria,Enterobacteriales,Enterobacteriaceae,Klebsiella,Klebsiella_oxytoca
OTU_635,Bacteria,Proteobacteria,Gammaproteobacteria,Enterobacteriales,Enterobacteriaceae,Klebsiella,Klebsiella_pneumoniae
OTU_636,Bacteria,Proteobacteria,Gammaproteobacteria,Enterobacteriales,Enterobacteriaceae,Klebsiella,Klebsiella_sp_MS_92_3
OTU_637,Bacteria,Proteobacteria,Gammaproteobacteria,Enterobacteriales,Enterobacteriaceae,Klebsiella,Klebsiella_unclassified
OTU_638,Bacteria,Proteobacteria,Gammaproteobacteria,Enterobacteriales,Enterobacteriaceae,Klebsiella,Klebsiella_variicola
OTU_639,Bacteria,Proteobacteria,Gammaproteobacteria,Enterobacteriales,Enterobacteriaceae,Morganella,Morganella_morganii
OTU_640,Bacteria,Proteobacteria,Gammaproteobacteria,Enterobacteriales,Enterobacteriaceae,Pantoea,Pantoea_unclassified
OTU_641,Bacteria,Proteobacteria,Gammaproteobacteria,Enterobacteriales,Enterobacteriaceae,Plesiomonas,Plesiomonas_shigelloides
OTU_642,Bacteria,Proteobacteria,Gammaproteobacteria,Enterobacteriales,Enterobacteriaceae,Proteus,Proteus_mirabilis
OTU_643,Bacteria,Proteobacteria,Gammaproteobacteria,Enterobacteriales,Enterobacteriaceae,Proteus,Proteus_penneri
OTU_644,Bacteria,Proteobacteria,Gammaproteobacteria,Enterobacteriales,Enterobacteriaceae,Proteus,Proteus_unclassified
OTU_645,Bacteria,Proteobacteria,Gammaproteobacteria,Enterobacteriales,Enterobacteriaceae,Providencia,Providencia_rettgeri
OTU_646,Bacteria,Proteobacteria,Gammaproteobacteria,Enterobacteriales,Enterobacteriaceae,Providencia,Providencia_unclassified
OTU_647,Bacteria,Proteobacteria,Gammaproteobacteria,Enterobacteriales,Enterobacteriaceae,Raoultella,Raoultella_ornithinolytica
OTU_648,Bacteria,Proteobacteria,Gammaproteobacteria,Enterobacteriales,Enterobacteriaceae,Salmonella,Salmonella_enterica
OTU_649,Bacteria,Proteobacteria,Gammaproteobacteria,Enterobacteriales,Enterobacteriaceae,Salmonella,Salmonella_unclassified
OTU_650,Bacteria,Proteobacteria,Gammaproteobacteria,Enterobacteriales,Enterobacteriaceae,Serratia,Serratia_liquefaciens
OTU_651,Bacteria,Proteobacteria,Gammaproteobacteria,Enterobacteriales,Enterobacteriaceae,Serratia,Serratia_marcescens
OTU_652,Bacteria,Proteobacteria,Gammaproteobacteria,Enterobacteriales,Enterobacteriaceae,Shigella,Shigella_flexneri
OTU_653,Bacteria,Proteobacteria,Gammaproteobacteria,Enterobacteriales,Enterobacteriaceae,Shigella,Shigella_sonnei
OTU_654,Bacteria,Proteobacteria,Gammaproteobacteria,Enterobacteriales,Enterobacteriaceae,Sodalis,Sodalis_glossinidius
OTU_655,Bacteria,Proteobacteria,Gammaproteobacteria,Enterobacteriales,Enterobacteriaceae,Yersinia,Yersinia_enterocolitica
OTU_656,Bacteria,Proteobacteria,Gammaproteobacteria,Pasteurellales,Pasteurellaceae,Actinobacillus,Actinobacillus_unclassified
OTU_657,Bacteria,Proteobacteria,Gammaproteobacteria,Pasteurellales,Pasteurellaceae,Aggregatibacter,Aggregatibacter_aphrophilus
OTU_658,Bacteria,Proteobacteria,Gammaproteobacteria,Pasteurellales,Pasteurellaceae,Aggregatibacter,Aggregatibacter_segnis
OTU_659,Bacteria,Proteobacteria,Gammaproteobacteria,Pasteurellales,Pasteurellaceae,Aggregatibacter,Aggregatibacter_unclassified
OTU_660,Bacteria,Proteobacteria,Gammaproteobacteria,Pasteurellales,Pasteurellaceae,Haemophilus,Haemophilus_haemolyticus
OTU_661,Bacteria,Proteobacteria,Gammaproteobacteria,Pasteurellales,Pasteurellaceae,Haemophilus,Haemophilus_influenzae
OTU_662,Bacteria,Proteobacteria,Gammaproteobacteria,Pasteurellales,Pasteurellaceae,Haemophilus,Haemophilus_parahaemolyticus
OTU_663,Bacteria,Proteobacteria,Gammaproteobacteria,Pasteurellales,Pasteurellaceae,Haemophilus,Haemophilus_parainfluenzae
OTU_664,Bacteria,Proteobacteria,Gammaproteobacteria,Pasteurellales,Pasteurellaceae,Haemophilus,Haemophilus_paraphrohaemolyticus
OTU_665,Bacteria,Proteobacteria,Gammaproteobacteria,Pasteurellales,Pasteurellaceae,Haemophilus,Haemophilus_pittmaniae
OTU_666,Bacteria,Proteobacteria,Gammaproteobacteria,Pasteurellales,Pasteurellaceae,Haemophilus,Haemophilus_sputorum
OTU_667,Bacteria,Proteobacteria,Gammaproteobacteria,Pasteurellales,Pasteurellaceae,Pasteurella,Pasteurella_multocida
OTU_668,Bacteria,Proteobacteria,Gammaproteobacteria,Pasteurellales,Pasteurellaceae,Pasteurella,Pasteurella_unclassified
OTU_669,Bacteria,Proteobacteria,Gammaproteobacteria,Pseudomonadales,Moraxellaceae,Acinetobacter,Acinetobacter_baumannii
OTU_670,Bacteria,Proteobacteria,Gammaproteobacteria,Pseudomonadales,Moraxellaceae,Acinetobacter,Acinetobacter_johnsonii
OTU_671,Bacteria,Proteobacteria,Gammaproteobacteria,Pseudomonadales,Moraxellaceae,Acinetobacter,Acinetobacter_junii
OTU_672,Bacteria,Proteobacteria,Gammaproteobacteria,Pseudomonadales,Moraxellaceae,Acinetobacter,Acinetobacter_lwoffii
OTU_673,Bacteria,Proteobacteria,Gammaproteobacteria,Pseudomonadales,Moraxellaceae,Acinetobacter,Acinetobacter_pittii_calcoaceticus_nosocomialis
OTU_674,Bacteria,Proteobacteria,Gammaproteobacteria,Pseudomonadales,Moraxellaceae,Acinetobacter,Acinetobacter_unclassified
OTU_675,Bacteria,Proteobacteria,Gammaproteobacteria,Pseudomonadales,Moraxellaceae,Enhydrobacter,Enhydrobacter_aerosaccus
OTU_676,Bacteria,Proteobacteria,Gammaproteobacteria,Pseudomonadales,Moraxellaceae,Moraxella,Moraxella_catarrhalis
OTU_677,Bacteria,Proteobacteria,Gammaproteobacteria,Pseudomonadales,Pseudomonadaceae,Pseudomonas,Pseudomonas_aeruginosa
OTU_678,Bacteria,Proteobacteria,Gammaproteobacteria,Pseudomonadales,Pseudomonadaceae,Pseudomonas,Pseudomonas_fragi
OTU_679,Bacteria,Proteobacteria,Gammaproteobacteria,Pseudomonadales,Pseudomonadaceae,Pseudomonas,Pseudomonas_protegens
OTU_680,Bacteria,Proteobacteria,Gammaproteobacteria,Pseudomonadales,Pseudomonadaceae,Pseudomonas,Pseudomonas_unclassified
OTU_681,Bacteria,Proteobacteria,Gammaproteobacteria,Xanthomonadales,Sinobacteraceae,Sinobacteraceae_unclassified,Unknown
OTU_682,Bacteria,Proteobacteria,Gammaproteobacteria,Xanthomonadales,Xanthomonadaceae,Stenotrophomonas,Stenotrophomonas_maltophilia
OTU_683,Bacteria,Proteobacteria,Gammaproteobacteria,Xanthomonadales,Xanthomonadaceae,Stenotrophomonas,Stenotrophomonas_unclassified
OTU_684,Bacteria,Proteobacteria,Gammaproteobacteria,Xanthomonadales,Xanthomonadaceae,Xanthomonas,Xanthomonas_arboricola
OTU_685,Bacteria,Spirochaetes,Spirochaetia,Spirochaetales,Brachyspiraceae,Brachyspira,Brachyspira_pilosicoli
OTU_686,Bacteria,Spirochaetes,Spirochaetia,Spirochaetales,Brachyspiraceae,Brachyspira,Brachyspira_unclassified
OTU_687,Bacteria,Spirochaetes,Spirochaetia,Spirochaetales,Spirochaetaceae,Treponema,Treponema_denticola
OTU_688,Bacteria,Spirochaetes,Spirochaetia,Spirochaetales,Spirochaetaceae,Treponema,Treponema_maltophilum
OTU_689,Bacteria,Spirochaetes,Spirochaetia,Spirochaetales,Spirochaetaceae,Treponema,Treponema_medium
OTU_690,Bacteria,Spirochaetes,Spirochaetia,Spirochaetales,Spirochaetaceae,Treponema,Treponema_socranskii
OTU_691,Bacteria,Spirochaetes,Spirochaetia,Spirochaetales,Spirochaetaceae,Treponema,Treponema_succinifaciens
OTU_692,Bacteria,Spirochaetes,Spirochaetia,Spirochaetales,Spirochaetaceae,Treponema,Treponema_vincentii
OTU_693,Bacteria,Synergistetes,Synergistia,Synergistales,Synergistaceae,Fretibacterium,Fretibacterium_fastidiosum
OTU_694,Bacteria,Synergistetes,Synergistia,Synergistales,Synergistaceae,Jonquetella,Jonquetella_anthropi
OTU_695,Bacteria,Synergistetes,Synergistia,Synergistales,Synergistaceae,Jonquetella,Jonquetella_unclassified
OTU_696,Bacteria,Synergistetes,Synergistia,Synergistales,Synergistaceae,Pyramidobacter,Pyramidobacter_piscolens
OTU_697,Bacteria,Synergistetes,Synergistia,Synergistales,Synergistaceae,Synergistes,Synergistes_sp_3_1_syn1
OTU_698,Bacteria,Verrucomicrobia,Verrucomicrobiae,Verrucomicrobiales,Verrucomicrobiaceae,Akkermansia,Akkermansia_muciniphila
